mark_name,model_name,mass_kg,fuel_consumption_lp100km,production_price,frontal_area_m2,co2_emissions_gl,engine_efficiency
VOLKSWAGEN,CUPRA ATECA,1628.0,9.0,40003.0,2.7,2255.5555555555557,0.25
VOLKSWAGEN,911 CARRERA T,1580.0,10.6,108136.0,2.8,2264.1509433962265,0.25
VOLKSWAGEN,Q3,1695.0,8.3,43820.0,2.5,2265.0602409638554,0.25
SUBARU-SUZUKI-TOYOTA,TOYOTA AYGO X,1025.0,4.8,8636.0,2.5,2270.8333333333335,0.25
BMW,COOPER S,1400.0,6.3,15575.0,2.7,2269.84126984127,0.25
BMW,420I,1695.0,7.1,26628.0,2.1,2253.5211267605637,0.25
BMW,COOPER,1250.0,5.5,15448.0,2.3,2290.909090909091,0.25
STELLANTIS,3008,1395.0,6.4,19475.0,2.7,2281.25,0.25
STELLANTIS,ASTRA,1341.0,5.5,9574.0,2.5,2272.7272727272725,0.25
RENAULT-NISSAN-MITSUBISHI,SANDERO,1147.0,5.3,8409.0,2.6,2245.2830188679245,0.25
VOLKSWAGEN,KAMIQ,1227.0,5.4,22394.0,2.6,2277.777777777778,0.25
VOLKSWAGEN,FORMENTOR,1626.0,8.5,42454.0,2.7,2258.823529411765,0.25
HYUNDAI MOTOR EUROPE,I10,994.0,5.2,8782.0,2.5,2250.0,0.25
RENAULT-NISSAN-MITSUBISHI,CLIO,1103.0,5.5,10529.0,3.2,2254.5454545454545,0.25
VOLKSWAGEN,ARONA,1235.0,6.1,19660.0,2.6,2278.688524590164,0.25
VOLKSWAGEN,OCTAVIA SCOUT,1621.0,5.8,15523.0,2.8,2620.689655172414,0.4
VOLKSWAGEN,KODIAQ,1767.0,6.4,31559.0,2.0,2625.0,0.4
RENAULT-NISSAN-MITSUBISHI,DUSTER,1321.0,6.2,11905.0,2.6,2274.1935483870966,0.25
VOLKSWAGEN,KAROQ,1604.0,5.8,26905.0,2.9,2603.448275862069,0.4
VOLKSWAGEN,SEAT ATECA,1497.0,5.1,26483.0,2.7,2627.450980392157,0.4
VOLKSWAGEN,A1 SPORTBACK,1180.0,5.5,13010.0,2.7,2272.7272727272725,0.25
VOLKSWAGEN,SUPERB,1565.0,7.0,21380.0,2.5,2271.4285714285716,0.25
VOLKSWAGEN,FABIA,1124.0,5.1,10170.0,2.4,2274.5098039215686,0.25
BMW,M3 COMPETITION M XDRIVE,1940.0,10.2,78697.0,2.9,2274.5098039215686,0.25
MERCEDES-BENZ AG,GLB 200 D,1680.0,5.5,26833.0,2.9,2654.5454545454545,0.4
VOLKSWAGEN,A3 SPORTBACK,1535.0,7.1,16869.0,2.7,2281.6901408450703,0.25
VOLKSWAGEN,Q3 SPORTBACK,1735.0,6.7,27472.0,2.3,2611.9402985074626,0.4
STELLANTIS,CROSSLAND,1290.0,5.9,17583.0,2.9,2237.2881355932204,0.25
VOLKSWAGEN,A1 ALLSTREET,1280.0,6.7,13010.0,2.7,2253.731343283582,0.25
VOLKSWAGEN,718 CAYMAN GT4 RS,1490.0,13.2,74281.0,3.1,2265.1515151515155,0.25
RENAULT-NISSAN-MITSUBISHI,MEGANE,1507.0,4.8,11191.0,2.0,2625.0,0.4
KIA,XCEED,1400.0,6.2,25022.0,2.8,2274.1935483870966,0.25
VOLKSWAGEN,911 SPORT CLASSIC,1645.0,12.6,108136.0,2.6,2261.904761904762,0.25
VOLKSWAGEN,IBIZA,1154.0,5.5,9061.0,2.6,2254.5454545454545,0.25
STELLANTIS,TRAVELLER,2037.0,7.4,33838.0,3.0,2608.108108108108,0.4
VOLKSWAGEN,Q2,1370.0,5.9,25439.0,2.4,2271.186440677966,0.25
KIA,SORENTO,1867.0,6.6,34907.0,2.4,2621.2121212121215,0.4
MERCEDES-BENZ AG,AMG G 63,2595.0,16.2,18990.0,2.8,2277.777777777778,0.25
BMW,COUNTRYMAN COOPER,1505.0,6.5,10999.0,2.2,2276.923076923077,0.25
VOLKSWAGEN,OCTAVIA,1349.0,5.5,15523.0,2.7,2272.7272727272725,0.25
VOLKSWAGEN,SEAT LEON SP,1516.0,4.7,15541.0,2.6,2638.2978723404253,0.4
MERCEDES-BENZ AG,GLE 400 D 4MATIC COUPE,2310.0,8.3,42946.0,2.5,2614.457831325301,0.4
BMW,320I,1660.0,7.1,17856.0,2.2,2267.605633802817,0.25
VOLKSWAGEN,OCTAVIA RS,1543.0,7.1,15523.0,2.4,2253.5211267605637,0.25
MERCEDES-BENZ AG,S 400 D 4MATIC,2060.0,6.9,75089.0,2.6,2623.1884057971015,0.4
HYUNDAI MOTOR EUROPE,I20 N,1265.0,7.0,9756.0,2.7,2257.1428571428573,0.25
RENAULT-NISSAN-MITSUBISHI,KANGOO,1550.0,6.9,10337.0,3.2,2260.869565217391,0.25
MERCEDES-BENZ AG,CITAN TOURER/T-CLASS,1607.0,6.9,10232.0,2.7,2275.3623188405795,0.25
MERCEDES-BENZ AG,CLS 220 D,1800.0,5.8,30744.0,2.6,2620.689655172414,0.4
KIA,RIO,1175.0,5.7,9621.0,2.0,2263.157894736842,0.25
BMW,X1 SDRIVE 18D,1650.0,5.2,18271.0,2.6,2615.3846153846152,0.4
BMW,JOHN COOPER WORKS,1450.0,7.1,22231.0,2.5,2281.6901408450703,0.25
SUBARU-SUZUKI-TOYOTA,TOYOTA LAND CRUISER (150 SERIES),2215.0,9.5,56915.0,2.8,2621.0526315789475,0.4
BMW,M4 COMPETITION M XDRIVE,1850.0,10.0,73372.0,2.2,2280.0,0.25
FORD,TRANSIT,2404.0,9.1,11855.0,2.8,2637.3626373626375,0.4
RENAULT-NISSAN-MITSUBISHI,NISSAN JUKE,1262.0,5.8,11161.0,3.2,2293.1034482758623,0.25
RENAULT-NISSAN-MITSUBISHI,A110,1184.0,6.9,74990.0,2.6,2275.3623188405795,0.25
MERCEDES-BENZ AG,GLA 180 D,1660.0,5.4,19238.0,3.1,2629.6296296296296,0.4
MERCEDES-BENZ AG,GLE 400 D 4MATIC,2280.0,7.8,42946.0,2.2,2641.025641025641,0.4
VOLKSWAGEN,TARRACO,1682.0,5.6,35112.0,2.7,2625.0,0.4
VOLKSWAGEN,S5 CABRIOLET,1915.0,9.2,49735.0,2.2,2271.739130434783,0.25
FORD,TOURNEO CUSTOM,2529.0,8.6,29712.0,2.8,2627.906976744186,0.4
BMW,430I,1790.0,7.3,31286.0,2.7,2260.27397260274,0.25
VOLKSWAGEN,CUPRA LEON,1494.0,7.2,39654.0,2.7,2263.8888888888887,0.25
STELLANTIS,ASTRA SPORTS TOURER,1421.0,5.8,9574.0,2.7,2258.6206896551726,0.25
KIA,PICANTO,981.0,5.2,9077.0,2.4,2269.230769230769,0.25
VOLKSWAGEN,S3 LIMOUSINE,1580.0,8.0,38718.0,3.2,2275.0,0.25
VOLKSWAGEN,MACAN,1920.0,10.2,62265.0,2.8,2264.7058823529414,0.25
STELLANTIS,MOKKA,1295.0,5.9,20315.0,2.8,2254.237288135593,0.25
BMW,CLUBMAN JOHN COOPER WORKS ALL4,1630.0,7.5,18357.0,2.9,2266.6666666666665,0.25
VOLKSWAGEN,SCALA,1255.0,5.8,20448.0,3.2,2275.862068965517,0.25
BMW,118D,1505.0,4.9,12875.0,2.3,2632.6530612244896,0.4
STELLANTIS,308,1333.0,5.5,8477.0,2.8,2254.5454545454545,0.25
RENAULT-NISSAN-MITSUBISHI,TRAFIC,2320.0,7.5,18410.0,2.2,2613.3333333333335,0.4
VOLKSWAGEN,PANAMERA,1995.0,11.0,94491.0,2.3,2254.5454545454545,0.25
KIA,PROCEED,1438.0,6.8,16813.0,2.8,2264.7058823529414,0.25
BMW,218D ACTIVE TOURER,1620.0,4.9,17798.0,2.9,2612.2448979591836,0.4
STELLANTIS,C3,1165.0,6.0,9584.0,2.8,2266.6666666666665,0.25
MERCEDES-BENZ AG,GLB 180 D,1680.0,5.6,25967.0,2.8,2625.0,0.4
BMW,X5 M50I,2335.0,11.8,55269.0,2.9,2279.6610169491523,0.25
VOLKSWAGEN,RS 3 SPORTBACK,1645.0,9.1,65945.0,2.9,2263.736263736264,0.25
BMW,M550I XDRIVE,1990.0,10.7,47029.0,2.8,2289.7196261682243,0.25
BMW,CLUBMAN COOPER,1435.0,6.1,10999.0,2.4,2278.688524590164,0.25
STELLANTIS,GRANDLAND,1461.0,6.4,23018.0,2.5,2281.25,0.25
MERCEDES-BENZ AG,VITO TOURER,2065.0,7.9,22624.0,3.2,2607.5949367088606,0.4
VOLKSWAGEN,911 TURBO S,1715.0,12.0,108136.0,2.8,2275.0,0.25
BMW,120I,1465.0,6.4,16127.0,2.1,2296.875,0.25
STELLANTIS,C5 AIRCROSS,1567.0,5.6,17283.0,2.5,2625.0,0.4
VOLKSWAGEN,S3 SPORTBACK,1575.0,8.2,38718.0,2.9,2268.2926829268295,0.25
VOLKSWAGEN,CUPRA LEON SP,1624.0,8.3,39654.0,2.4,2265.0602409638554,0.25
SUBARU-SUZUKI-TOYOTA,OUTBACK,1719.0,8.6,17787.0,2.7,2244.186046511628,0.25
STELLANTIS,COMBO LIFE,1600.0,7.0,12729.0,2.6,2257.1428571428573,0.25
BMW,M2 40I XDRIVE,1765.0,8.7,48836.0,2.4,2264.3678160919544,0.25
BMW,X2 M35I XDRIVE,1770.0,8.0,52377.0,2.8,2250.0,0.25
MERCEDES-BENZ AG,GLA 250,1565.0,7.6,24114.0,2.7,2250.0,0.25
STELLANTIS,2008,1280.0,5.9,12275.0,2.6,2254.237288135593,0.25
BMW,COUNTRYMAN COOPER S ALL4,1645.0,7.3,12681.0,2.2,2246.5753424657537,0.25
MERCEDES-BENZ AG,CITAN,1636.0,5.4,10232.0,2.9,2629.6296296296296,0.4
MERCEDES-BENZ AG,CLA 180,1425.0,6.0,20086.0,2.9,2266.6666666666665,0.25
STELLANTIS,ABARTH 500,1140.0,7.2,11022.0,2.5,2250.0,0.25
VOLKSWAGEN,911 GT3,1510.0,12.9,108136.0,2.4,2271.3178294573645,0.25
STELLANTIS,C3 AIRCROSS,1310.0,6.5,11330.0,2.7,2230.769230769231,0.25
BMW,X1 SDRIVE 18I,1575.0,6.5,18271.0,2.8,2246.153846153846,0.25
BMW,230I,1600.0,6.7,28698.0,2.3,2268.6567164179105,0.25
MERCEDES-BENZ AG,G 400 D,2499.0,11.4,80935.0,2.3,2614.035087719298,0.4
BMW,X2 SDRIVE 20I,1545.0,6.8,32215.0,2.2,2279.4117647058824,0.25
VOLKSWAGEN,R8 COUPE,1645.0,15.0,152271.0,2.5,2266.6666666666665,0.25
MERCEDES-BENZ AG,CLA 220 D,1585.0,5.3,34928.0,2.6,2641.509433962264,0.4
STELLANTIS,C4,1353.0,5.8,12037.0,2.3,2241.3793103448274,0.25
MERCEDES-BENZ AG,GLB 250 4MATIC,1670.0,8.0,24265.0,2.7,2275.0,0.25
VOLKSWAGEN,MACAN GTS,2035.0,11.4,62265.0,2.6,2254.3859649122805,0.25
STELLANTIS,508,1495.0,6.0,16180.0,2.6,2250.0,0.25
RENAULT-NISSAN-MITSUBISHI,KOLEOS,1590.0,6.8,27369.0,3.2,2250.0,0.25
BMW,CLUBMAN COOPER S,1490.0,6.6,12681.0,2.0,2287.878787878788,0.25
MERCEDES-BENZ AG,AMG C 63 S,1820.0,11.0,18990.0,2.6,2263.6363636363635,0.25
MERCEDES-BENZ AG,A 200 D,1530.0,5.0,20895.0,2.8,2640.0,0.4
MERCEDES-BENZ AG,SPRINTER,2557.0,10.8,17973.0,2.7,2620.37037037037,0.4
MERCEDES-BENZ AG,CLA 200,1480.0,6.6,21893.0,2.5,2272.727272727273,0.25
KG MOBILITY GREAT WALL MOTOR,SSANGYONG TIVOLI,1393.0,7.7,12751.0,2.9,2272.7272727272725,0.25
BMW,118I,1395.0,5.7,12875.0,2.7,2298.245614035088,0.25
MERCEDES-BENZ AG,A 220 D,1570.0,5.3,38215.0,2.4,2622.6415094339623,0.4
STELLANTIS,BERLINGO,1557.0,6.9,10316.0,2.7,2246.376811594203,0.25
VOLKSWAGEN,CAYENNE,2105.0,11.9,71309.0,2.8,2260.5042016806724,0.25
VOLKSWAGEN,TT RS COUPE,1550.0,8.9,56895.0,2.4,2280.8988764044943,0.25
VOLKSWAGEN,SQ8,2345.0,12.6,88010.0,2.6,2269.84126984127,0.25
MERCEDES-BENZ AG,GLB 200 D 4MATIC,1755.0,5.8,26833.0,2.8,2637.9310344827586,0.4
STELLANTIS,C5 X,1542.0,6.5,7375.0,2.8,2261.5384615384614,0.25
BMW,430I XDRIVE,1775.0,7.3,31286.0,2.6,2273.972602739726,0.25
MERCEDES-BENZ AG,AMG CLA 45 S,1715.0,9.0,18990.0,2.8,2277.777777777778,0.25
STELLANTIS,INSIGNIA SPORTS TOURER,1615.0,5.0,12792.0,2.5,2620.0,0.4
HYUNDAI MOTOR EUROPE,KONA N KAUAI N,1585.0,8.5,24352.0,2.6,2282.3529411764707,0.25
MAZDA,M6,1498.0,6.8,17343.0,2.4,2279.4117647058824,0.25
MERCEDES-BENZ AG,AMG C 63,1810.0,10.9,18990.0,2.9,2275.229357798165,0.25
MERCEDES-BENZ AG,B 200 D,1580.0,5.3,17576.0,2.3,2603.7735849056603,0.4
FORD,TRANSIT CUSTOM,2314.0,7.9,17235.0,2.6,2620.253164556962,0.4
BMW,116I,1395.0,5.8,10286.0,2.4,2275.862068965517,0.25
MERCEDES-BENZ AG,E 200 D,1735.0,4.9,18685.0,2.4,2632.6530612244896,0.4
MERCEDES-BENZ AG,GLB 180,1570.0,7.0,25967.0,2.5,2271.4285714285716,0.25
BMW,218I,1450.0,5.8,17798.0,2.7,2275.862068965517,0.25
FORD,ECOSPORT,1359.0,6.8,15150.0,2.4,2264.7058823529414,0.25
MERCEDES-BENZ AG,GLB 200,1570.0,7.1,26833.0,2.4,2281.6901408450703,0.25
VOLKSWAGEN,911 CARRERA 4 GTS,1705.0,10.8,108136.0,2.7,2268.5185185185182,0.25
SUBARU-SUZUKI-TOYOTA,PROACE,1842.0,7.3,24331.0,2.2,2616.4383561643835,0.4
BMW,218I ACTIVE TOURER,1545.0,6.2,17798.0,2.4,2274.1935483870966,0.25
MERCEDES-BENZ AG,GLB 220 D 4MATIC,1755.0,5.9,35303.0,2.7,2610.1694915254234,0.4
BMW,320I XDRIVE,1655.0,7.1,17856.0,2.9,2253.5211267605637,0.25
BMW,120D,1525.0,5.2,16127.0,2.6,2596.153846153846,0.4
MAZDA,MX-5,1097.0,6.9,17799.0,2.6,2246.376811594203,0.25
MERCEDES-BENZ AG,GLA 220 D 4MATIC,1690.0,5.6,29865.0,2.3,2625.0,0.4
VOLKSWAGEN,MACAN S,2005.0,11.0,62265.0,2.6,2272.7272727272725,0.25
KIA,STINGER,1933.0,10.9,40426.0,2.5,2266.0550458715597,0.25
BMW,318I,1650.0,6.8,11500.0,2.4,2235.294117647059,0.25
BMW,M3 COMPETITION,1805.0,9.8,78697.0,2.7,2275.5102040816323,0.25
VOLKSWAGEN,BENTAYGA S V8,2514.0,13.0,205856.0,2.8,2261.5384615384614,0.25
FORD,TOURNEO CONNECT,1709.0,5.3,20552.0,2.7,2622.6415094339623,0.4
BMW,X2 XDRIVE 20D,1680.0,5.5,32215.0,2.7,2618.181818181818,0.4
BMW,M8 COMPETITION,1975.0,11.1,125848.0,3.0,2279.2792792792793,0.25
STELLANTIS,RIFTER,1577.0,7.0,31765.0,2.9,2257.1428571428573,0.25
MERCEDES-BENZ AG,CLS 400 D 4MATIC,1935.0,7.2,47322.0,3.2,2625.0,0.4
BMW,M2,1800.0,9.8,48836.0,2.9,2244.8979591836733,0.25
VOLKSWAGEN,911 CARRERA S,1660.0,10.7,108136.0,2.4,2271.028037383178,0.25
VOLKSWAGEN,RS Q3,1790.0,10.0,51195.0,2.3,2260.0,0.25
BMW,M3 CS,1840.0,10.2,78697.0,2.4,2254.901960784314,0.25
BMW,120D XDRIVE,1590.0,5.2,16127.0,2.7,2615.3846153846152,0.4
BMW,Z4 M40I,1640.0,8.1,51135.0,3.2,2271.604938271605,0.25
MERCEDES-BENZ AG,AMG CLA 35,1615.0,8.5,18990.0,2.2,2270.5882352941176,0.25
BMW,X2 SDRIVE 18D,1615.0,5.2,32215.0,2.6,2615.3846153846152,0.4
SUBARU-SUZUKI-TOYOTA,IMPREZA,1458.0,7.9,8735.0,3.0,2240.506329113924,0.25
MERCEDES-BENZ AG,GLC 400 D 4MATIC,1935.0,7.6,28718.0,2.6,2618.421052631579,0.4
FORD,MUSTANG,1839.0,12.4,43825.0,2.6,2290.3225806451615,0.25
VOLKSWAGEN,R8 SPYDER,1770.0,13.9,152271.0,2.8,2273.3812949640287,0.25
VOLKSWAGEN,SQ2,1610.0,8.4,25439.0,2.3,2261.904761904762,0.25
MERCEDES-BENZ AG,E 400 D 4MATIC ALLTERRAIN,2060.0,7.4,42526.0,2.8,2608.108108108108,0.4
MERCEDES-BENZ AG,GLS 400 D 4MATIC,2505.0,8.9,58508.0,2.7,2606.741573033708,0.4
MERCEDES-BENZ AG,CLA 200 D,1605.0,5.1,21893.0,2.4,2627.450980392157,0.4
VOLKSWAGEN,911 CARRERA GTS,1620.0,10.9,108136.0,3.1,2266.0550458715597,0.25
BMW,M2 35I XDRIVE,1645.0,7.4,48836.0,3.0,2256.7567567567567,0.25
RENAULT-NISSAN-MITSUBISHI,GRAND SCENIC,1629.0,6.8,11543.0,3.1,2264.7058823529414,0.25
VOLKSWAGEN,RS5 SPORTBACK,1810.0,9.7,65483.0,3.0,2257.7319587628867,0.25
VOLKSWAGEN,718 BOXSTER GTS,1480.0,10.9,64802.0,2.3,2266.0550458715597,0.25
VOLKSWAGEN,SEAT LEON,1313.0,5.6,15541.0,2.0,2285.714285714286,0.25
MERCEDES-BENZ AG,MARCO POLO,2395.0,8.4,52990.0,2.5,2630.9523809523807,0.4
KG MOBILITY GREAT WALL MOTOR,SSANGYONG KORANDO,1517.0,7.6,13578.0,3.1,2302.6315789473683,0.25
MERCEDES-BENZ AG,G 500,2481.0,14.9,76211.0,2.6,2275.1677852348994,0.25
MERCEDES-BENZ AG,VITO,1992.0,7.1,22624.0,3.1,2605.6338028169016,0.4
VOLKSWAGEN,TT COUPE,1370.0,7.3,27626.0,2.2,2260.27397260274,0.25
VOLKSWAGEN,718 CAYMAN GTS,1510.0,10.1,74281.0,2.1,2277.2277227722775,0.25
BMW,Z4 SDRIVE 20I,1525.0,7.2,36604.0,2.6,2263.8888888888887,0.25
MERCEDES-BENZ AG,E 400 D 4MATIC,1965.0,7.3,42526.0,2.7,2630.13698630137,0.4
BMW,220I,1505.0,6.3,21916.0,2.6,2285.714285714286,0.25
VOLKSWAGEN,RS3 LIMOUSINE,1650.0,9.0,51766.0,2.0,2255.5555555555557,0.25
VOLKSWAGEN,RS4 AVANT,1820.0,9.9,62069.0,2.2,2262.6262626262624,0.25
SUBARU-SUZUKI-TOYOTA,XV,1502.0,8.0,16559.0,2.8,2250.0,0.25
MERCEDES-BENZ AG,CLA 250,1545.0,7.3,25913.0,2.7,2287.6712328767126,0.25
BMW,X2 SDRIVE 18I,1505.0,6.3,32215.0,2.3,2285.714285714286,0.25
MERCEDES-BENZ AG,E 400 D 4 MATIC,2015.0,7.2,42526.0,2.4,2638.8888888888887,0.4
BMW,330I,1600.0,6.9,30316.0,2.3,2260.869565217391,0.25
SUBARU-SUZUKI-TOYOTA,TOYOTA GR YARIS,1355.0,8.2,10838.0,2.6,2268.2926829268295,0.25
VOLKSWAGEN,TT ROADSTER,1445.0,7.3,27626.0,2.9,2260.27397260274,0.25
MERCEDES-BENZ AG,GLB 250,1615.0,8.2,24265.0,2.3,2256.09756097561,0.25
VOLKSWAGEN,911 CARRERA,1650.0,10.5,108136.0,2.8,2266.6666666666665,0.25
VOLKSWAGEN,CAYENNE S,2235.0,12.8,71309.0,2.4,2265.625,0.25
BMW,330I XDRIVE,1735.0,7.7,30316.0,2.4,2259.7402597402597,0.25
BMW,Z4 SDRIVE 30I,1545.0,7.3,36604.0,2.6,2246.5753424657537,0.25
BMW,COUNTRYMAN COOPER D,1585.0,5.2,11736.0,2.4,2615.3846153846152,0.4
VOLKSWAGEN,911 TARGA 4,1740.0,10.5,108136.0,2.7,2276.190476190476,0.25
MERCEDES-BENZ AG,GLA 200 D,1660.0,5.4,20391.0,2.6,2611.111111111111,0.4
BMW,COUNTRYMAN COOPER S,1555.0,6.6,12681.0,2.5,2257.5757575757575,0.25
BMW,840I XDRIVE,1870.0,8.9,81885.0,2.4,2280.8988764044943,0.25
RENAULT-NISSAN-MITSUBISHI,ESPACE,1877.0,6.3,15540.0,2.5,2650.793650793651,0.4
BMW,X5 XDRIVE 25D,2145.0,7.2,40997.0,2.7,2625.0,0.4
BMW,M1 35I XDRIVE,1600.0,7.8,35000.0,2.3,2243.5897435897436,0.25
BMW,M2 40I,1710.0,7.9,48836.0,2.1,2253.164556962025,0.25
MERCEDES-BENZ AG,AMG E 63 S,2010.0,12.2,18990.0,2.7,2278.688524590164,0.25
BMW,116D,1460.0,4.6,10286.0,2.3,2652.1739130434785,0.4
VOLKSWAGEN,PANAMERA GTS,2110.0,12.7,94491.0,3.1,2267.716535433071,0.25
VOLKSWAGEN,PANAMERA TURBO S,2210.0,13.0,94491.0,3.0,2269.230769230769,0.25
MERCEDES-BENZ AG,AMG C 43,1750.0,10.1,18990.0,2.6,2277.2277227722775,0.25
BMW,X3 M COMPETITION,2085.0,10.9,45256.0,3.1,2284.4036697247707,0.25
HYUNDAI MOTOR EUROPE,G70 GENESIS G70,1740.0,9.1,27750.0,2.3,2263.736263736264,0.25
SUBARU-SUZUKI-TOYOTA,PROACE CITY VERSO,1485.0,6.8,17438.0,2.8,2264.7058823529414,0.25
BMW,X2 M35I,1690.0,7.7,52377.0,2.4,2272.7272727272725,0.25
BMW,220D XDRIVE,1640.0,5.4,21916.0,2.5,2611.111111111111,0.4
VOLKSWAGEN,CAYENNE GTS,2220.0,13.2,71309.0,2.4,2272.727272727273,0.25
VOLKSWAGEN,718 CAYMAN S,1460.0,9.6,74281.0,2.3,2270.8333333333335,0.25
STELLANTIS,VIVARO ZAFIRA LIFE,1734.0,6.3,20246.0,2.4,2634.920634920635,0.4
BMW,M850I XDRIVE,2125.0,10.7,99648.0,2.6,2280.373831775701,0.25
BMW,218D,1545.0,4.8,17798.0,2.1,2625.0,0.4
MERCEDES-BENZ AG,A 180 D,1540.0,5.0,14210.0,2.8,2620.0,0.4
MERCEDES-BENZ AG,GLA 200 4MATIC,1570.0,7.4,20391.0,2.8,2283.7837837837837,0.25
BMW,220D XDRIVE GRAN TOURER,1745.0,5.5,21916.0,2.7,2636.3636363636365,0.4
KG MOBILITY GREAT WALL MOTOR,SSANGYONG XLV,1405.0,7.2,10950.0,2.3,2263.8888888888887,0.25
MERCEDES-BENZ AG,AMG A 45 S 4MATIC+,1680.0,9.1,18990.0,2.8,2274.7252747252746,0.25
VOLKSWAGEN,CONTINENTAL GT SPEED,2348.0,13.7,195173.0,2.6,2270.07299270073,0.25
MERCEDES-BENZ AG,GLC 200 D 4MATIC,1845.0,5.9,27114.0,2.3,2610.1694915254234,0.4
BMW,X6 M50I,2315.0,11.3,45914.0,2.4,2292.0353982300885,0.25
VOLKSWAGEN,911 GT3 RS,1525.0,13.4,108136.0,2.3,2276.1194029850744,0.25
BMW,X2 XDRIVE 18D,1680.0,5.5,32215.0,2.8,2636.3636363636365,0.4
VOLKSWAGEN,911 TURBO,1715.0,12.0,108136.0,3.0,2275.0,0.25
MERCEDES-BENZ AG,GLA 200 D 4MATIC,1685.0,5.7,20391.0,2.0,2596.4912280701756,0.4
MERCEDES-BENZ AG,S 350 D 4MATIC,2080.0,7.2,46209.0,2.7,2611.111111111111,0.4
MERCEDES-BENZ AG,GLB 220 D,1710.0,5.6,35303.0,2.4,2625.0,0.4
VOLKSWAGEN,911 DAKAR,1680.0,11.3,108136.0,2.6,2265.4867256637167,0.25
BMW,GHOST,2565.0,15.5,194900.0,2.6,2277.4193548387098,0.25
MERCEDES-BENZ AG,CLA 200 D 4MATIC,1630.0,5.3,21893.0,2.7,2603.7735849056603,0.4
HYUNDAI MOTOR EUROPE,GV80 GENESIS GV80,2280.0,9.1,27750.0,2.5,2626.3736263736264,0.4
SUBARU-SUZUKI-TOYOTA,TOYOTA SUPRA,1577.0,8.8,51264.0,2.5,2250.0,0.25
BMW,COUNTRYMAN COOPER SD ALL4,1675.0,5.6,13311.0,2.7,2607.1428571428573,0.4
VOLKSWAGEN,RS Q3 SPORTBACK,1775.0,10.0,51195.0,2.5,2270.0,0.25
VOLKSWAGEN,CAYENNE TURBO GT,2295.0,14.1,71309.0,2.7,2262.4113475177305,0.25
MERCEDES-BENZ AG,A 160,1350.0,5.9,8461.0,3.0,2288.1355932203387,0.25
VOLKSWAGEN,CONTINENTAL GTC SPEED,2511.0,14.1,195173.0,2.5,2269.503546099291,0.25
VOLKSWAGEN,911 CARRERA 4,1700.0,10.5,108136.0,2.7,2266.6666666666665,0.25
KG MOBILITY GREAT WALL MOTOR,SSANGYONG REXTON,2145.0,8.3,30717.0,2.5,2626.5060240963853,0.4
VOLKSWAGEN,MACAN T,1940.0,10.1,62265.0,2.8,2267.3267326732675,0.25
MERCEDES-BENZ AG,GLB 200 4MATIC,1625.0,7.7,26833.0,2.7,2285.714285714286,0.25
MERCEDES-BENZ AG,B 180 D,1580.0,5.2,13916.0,2.8,2615.3846153846152,0.4
VOLKSWAGEN,ALHAMBRA,1811.0,8.7,19083.0,2.2,2264.3678160919544,0.25
VOLKSWAGEN,TTS ROADSTER,1585.0,8.6,32365.0,2.8,2267.4418604651164,0.25
VOLKSWAGEN,911 CARRERA 4S,1640.0,10.6,108136.0,3.2,2264.1509433962265,0.25
RENAULT-NISSAN-MITSUBISHI,NISSAN MICRA,1116.0,5.3,8115.0,2.5,2283.0188679245284,0.25
VOLKSWAGEN,718 BOXSTER,1410.0,9.4,64802.0,2.8,2276.595744680851,0.25
MERCEDES-BENZ AG,CLA 200 4MATIC,1515.0,6.6,21893.0,2.3,2272.727272727273,0.25
BMW,X2 XDRIVE 25D,1695.0,5.7,32215.0,2.6,2631.578947368421,0.4
MERCEDES-BENZ AG,AMG GLA 35,1680.0,9.0,18990.0,2.7,2266.6666666666665,0.25
MERCEDES-BENZ AG,AMG CLA 45 S 4MATIC+,1745.0,9.2,18990.0,2.4,2260.8695652173915,0.25
BMW,X2 XDRIVE 20I,1640.0,7.0,32215.0,2.3,2285.714285714286,0.25
BMW,216D,1505.0,4.6,13973.0,2.7,2630.434782608696,0.4
MERCEDES-BENZ AG,S 350 D,2040.0,6.8,46209.0,2.8,2632.3529411764707,0.4
BMW,216I ACTIVE TOURER,1545.0,6.3,13973.0,3.0,2238.095238095238,0.25
VOLKSWAGEN,CONTINENTAL GT MULLINER W,2348.0,13.7,195173.0,2.7,2270.07299270073,0.25
BMW,220D,1580.0,5.0,21916.0,3.2,2600.0,0.4
VOLKSWAGEN,A3 SPORTBACK G-TRON,1430.0,6.0,16869.0,2.2,1800.0,0.4
STELLANTIS,FIAT DUCATO,2270.0,9.4,13457.0,2.1,2627.659574468085,0.4
VOLKSWAGEN,911 TARGA 4S,1750.0,10.8,108136.0,2.8,2259.259259259259,0.25
MERCEDES-BENZ AG,CLA 180 D,1575.0,5.0,20086.0,2.3,2620.0,0.4
STELLANTIS,INSIGNIA GRAND SPORT,1615.0,5.1,12792.0,2.6,2588.2352941176473,0.4
RENAULT-NISSAN-MITSUBISHI,PRIMASTAR,2038.0,7.3,8099.0,2.6,2616.4383561643835,0.4
MERCEDES-BENZ AG,AMG GLC 43 4MATIC,1880.0,11.1,18990.0,2.7,2270.2702702702704,0.25
BMW,220I XDRIVE,1595.0,6.6,21916.0,2.7,2272.727272727273,0.25
VOLKSWAGEN,BENTAYGA AZURE V8,2482.0,13.0,205856.0,3.2,2261.5384615384614,0.25
VOLKSWAGEN,718 CAYMAN,1440.0,8.9,74281.0,3.1,2269.6629213483147,0.25
MERCEDES-BENZ AG,B 200 4MATIC,1495.0,7.3,17576.0,2.4,2260.27397260274,0.25
VOLKSWAGEN,911 TARGA 4 GTS,1760.0,11.1,108136.0,2.3,2270.2702702702704,0.25
VOLKSWAGEN,A4 AVANT G-TRON,1665.0,7.4,20949.0,2.6,1797.2972972972973,0.4
MERCEDES-BENZ AG,AMG A 35,1580.0,8.7,18990.0,2.9,2275.862068965517,0.25
SUBARU-SUZUKI-TOYOTA,TOYOTA MIRAI,1995.0,,34990.0,3.1,,0.4
BMW,X4 M COMPETITION,2085.0,10.8,47786.0,2.6,2277.777777777778,0.25
MERCEDES-BENZ AG,AMG A 45 S,1660.0,9.0,18990.0,2.5,2288.8888888888887,0.25
MERCEDES-BENZ AG,AMG GLC 63 S 4MATIC+,2030.0,12.9,18990.0,2.1,2271.3178294573645,0.25
BMW,M5,1970.0,11.2,47933.0,2.2,2285.714285714286,0.25
BMW,M4 COMPETITION,1800.0,9.8,73372.0,3.1,2275.5102040816323,0.25
MERCEDES-BENZ AG,GLA 220 D,1640.0,5.5,29865.0,2.5,2636.3636363636365,0.4
MERCEDES-BENZ AG,AMG GLB 35,1755.0,9.2,18990.0,2.6,2271.739130434783,0.25
MERCEDES-BENZ AG,A 220 D 4MATIC,1575.0,5.3,38215.0,2.9,2622.6415094339623,0.4
VOLKSWAGEN,718 BOXSTER SPYDER,1525.0,10.7,64802.0,2.3,2261.6822429906542,0.25
MERCEDES-BENZ AG,B 220 D,1610.0,5.2,33177.0,3.2,2615.3846153846152,0.4
VOLKSWAGEN,PANAMERA 4 E-HYBRID,2005.0,10.9,94491.0,2.6,2275.229357798165,0.25
BMW,M4 CSL,1700.0,10.0,73372.0,2.6,2250.0,0.25
VOLKSWAGEN,CONTINENTAL GT AZURE V8,2240.0,12.1,195173.0,2.7,2272.727272727273,0.25
VOLKSWAGEN,TT RS ROADSTER,1640.0,9.2,56895.0,2.6,2282.608695652174,0.25
VOLKSWAGEN,TTS COUPE,1495.0,8.4,32365.0,2.4,2261.904761904762,0.25
VOLKSWAGEN,CONTINENTAL GTC MULLINER,2511.0,14.1,195173.0,2.4,2269.503546099291,0.25
BMW,M5 COMPETITION,1970.0,11.2,47933.0,2.6,2285.714285714286,0.25
VOLKSWAGEN,SQ7,2340.0,12.6,59127.0,2.6,2269.84126984127,0.25
MERCEDES-BENZ AG,B 250,1495.0,7.4,26023.0,3.1,2270.27027027027,0.25
BMW,218I GRAN TOURER,1505.0,6.4,17798.0,2.0,2250.0,0.25
MERCEDES-BENZ AG,C 400 4MATIC,1825.0,9.1,38447.0,2.9,2263.736263736264,0.25
BMW,M3,1780.0,10.0,78697.0,2.5,2280.0,0.25
STELLANTIS,C4 X,1364.0,5.7,9843.0,2.2,2263.157894736842,0.25
FORD,TRANSIT CONNECT,1652.0,5.5,10560.0,2.4,2636.3636363636365,0.4
BMW,CLUBMAN COOPER D,1545.0,5.1,11736.0,2.3,2588.2352941176473,0.4
MERCEDES-BENZ AG,CLA 220 D 4MATIC,1615.0,5.2,34928.0,2.9,2596.153846153846,0.4
VOLKSWAGEN,FLYING SPUR SPEED,2512.0,15.0,251560.0,2.3,2266.6666666666665,0.25
MERCEDES-BENZ AG,GLS 350 D 4MATIC,2500.0,8.2,37211.0,2.7,2609.756097560976,0.4
VOLKSWAGEN,718 BOXSTER S,1460.0,9.7,64802.0,2.8,2257.7319587628867,0.25
BMW,M4,1775.0,10.1,73372.0,2.5,2267.3267326732675,0.25
STELLANTIS,EXPERT,1734.0,6.4,10173.0,2.5,2609.375,0.4
VOLKSWAGEN,BENTAYGA EXTENDED WHEELBASE,2589.0,13.0,205856.0,2.8,2261.5384615384614,0.25
VOLKSWAGEN,718 CAYMAN GT4,1525.0,10.7,74281.0,2.7,2261.6822429906542,0.25
KG MOBILITY GREAT WALL MOTOR,SSANGYONG TIVOLI GRAND,1425.0,7.8,12751.0,2.3,2243.5897435897436,0.25
MERCEDES-BENZ AG,G 350 D,2508.0,10.9,48961.0,2.5,2633.02752293578,0.4
MERCEDES-BENZ AG,AMG CLA 45,1680.0,8.8,18990.0,2.4,2284.090909090909,0.25
BMW,X2 SDRIVE 20D,1620.0,5.3,32215.0,2.9,2641.509433962264,0.4
BMW,GHOST EWB,2605.0,15.7,194900.0,2.4,2280.254777070064,0.25
VOLKSWAGEN,RS5 COUPE,1770.0,9.8,65483.0,2.2,2255.1020408163263,0.25
FORD,TOURNEO COURIER,1366.0,5.1,17571.0,2.1,2627.450980392157,0.4
VOLKSWAGEN,718 CAYMAN T,1455.0,8.9,74281.0,2.2,2269.6629213483147,0.25
STELLANTIS,JEEP WRANGLER RUBICON 392,2382.0,,56260.0,2.0,,0.25
MERCEDES-BENZ AG,B 220 D 4MATIC,1625.0,5.7,33177.0,3.1,2614.035087719298,0.4
VOLKSWAGEN,718 BOXSTER T,1425.0,9.4,64802.0,2.7,2265.9574468085107,0.25
BMW,840I,1915.0,8.4,81885.0,2.9,2273.809523809524,0.25
BMW,ONE,1255.0,5.5,12175.0,2.6,2272.7272727272725,0.25
VOLKSWAGEN,A5 SPORTBACK G-TRON,1650.0,6.5,28690.0,2.6,1800.0,0.4
MERCEDES-BENZ AG,AMG GLA 45 S,1765.0,9.8,18990.0,2.5,2265.3061224489793,0.25
VOLKSWAGEN,CONTINENTAL GTC S V8,2410.0,12.5,195173.0,2.6,2272.0,0.25
VOLKSWAGEN,CONTINENTAL GT SPEED CONVERTIBLE,2511.0,14.1,195173.0,2.5,2269.503546099291,0.25
VOLKSWAGEN,FLYING SPUR MULLINER V8,2405.0,12.7,251560.0,2.6,2267.716535433071,0.25
MERCEDES-BENZ AG,AMG GLA 45,1745.0,9.4,18990.0,2.7,2276.595744680851,0.25
MERCEDES-BENZ AG,A 200 D 4MATIC,1555.0,5.2,20895.0,2.4,2653.846153846154,0.4
MERCEDES-BENZ AG,A 250,1460.0,7.2,27753.0,2.4,2263.8888888888887,0.25
BMW,CLUBMAN ONE,1435.0,6.2,9477.0,2.3,2274.1935483870966,0.25
RENAULT-NISSAN-MITSUBISHI,TALISMAN,1733.0,6.0,27325.0,2.7,2616.6666666666665,0.4
BMW,750LI XDRIVE,2095.0,10.9,48342.0,2.7,2275.229357798165,0.25
MERCEDES-BENZ AG,A 200 4MATIC,1470.0,6.9,20895.0,2.9,2260.869565217391,0.25
VOLKSWAGEN,CAYENNE TURBO,2250.0,13.6,71309.0,3.1,2264.7058823529414,0.25
RENAULT-NISSAN-MITSUBISHI,MASTER,2361.0,10.7,13051.0,2.9,2616.8224299065423,0.4
BMW,218D GRAN TOURER,1620.0,5.2,17798.0,2.0,2634.6153846153843,0.4
BMW,218D XDRIVE GRAN TOURER,1690.0,5.4,17798.0,2.6,2611.111111111111,0.4
VOLKSWAGEN,CONTINENTAL GT S V8,2240.0,12.1,195173.0,2.4,2272.727272727273,0.25
VOLKSWAGEN,CONTINENTAL GTC AZURE V9,2410.0,12.5,195173.0,2.4,2272.0,0.25
VOLKSWAGEN,FLYING SPUR MULLINER W12,2512.0,15.0,251560.0,2.3,2266.6666666666665,0.25
VOLKSWAGEN,CONTINENTAL GT V8,2240.0,12.1,195173.0,2.2,2272.727272727273,0.25
BMW,X1 M35I XDRIVE,1740.0,7.8,48484.0,2.9,2269.230769230769,0.25
VOLKSWAGEN,CONTINENTAL GTC V8,2410.0,12.5,195173.0,2.3,2272.0,0.25
VOLKSWAGEN,A1 CITYCARVER,1280.0,6.6,13010.0,2.7,2287.878787878788,0.25
VOLKSWAGEN,FLYING SPUR AZURE V8,2405.0,12.7,251560.0,2.3,2267.716535433071,0.25
BMW,216D GRAN TOURER,1615.0,5.2,13973.0,2.4,2615.3846153846152,0.4
RENAULT-NISSAN-MITSUBISHI,LODGY,1405.0,5.0,9919.0,3.2,2600.0,0.4
BMW,X2 SDRIVE 16D,1550.0,5.1,32215.0,2.6,2607.843137254902,0.4
BMW,GHOST BLACK BADGE,2575.0,15.8,194900.0,2.4,2272.151898734177,0.25
BMW,216I GRAN TOURER,1500.0,6.3,13973.0,2.6,2285.714285714286,0.25
KG MOBILITY GREAT WALL MOTOR,REXTON,2145.0,8.1,30717.0,3.1,2617.283950617284,0.4
BMW,220I GRAN TOURER,1620.0,6.6,21916.0,2.4,2272.727272727273,0.25
VOLKSWAGEN,BENTAYGA V8,2484.0,13.0,205856.0,3.1,2261.5384615384614,0.25
VOLKSWAGEN,TIGUAN,1711.0,6.1,25504.0,2.4,2622.9508196721313,0.4
VOLKSWAGEN,CADDY,1709.0,5.2,15950.0,2.9,2653.846153846154,0.4
VOLKSWAGEN,TOUAREG,2092.0,8.2,49053.0,2.8,2634.146341463415,0.4
VOLKSWAGEN,T-ROC,1358.0,6.2,28277.0,2.1,2241.935483870968,0.25
VOLKSWAGEN,T-CROSS,1290.0,6.2,23188.0,2.4,2290.3225806451615,0.25
VOLKSWAGEN,POLO,1199.0,5.5,10131.0,2.5,2290.909090909091,0.25
STELLANTIS,PANDA,1165.0,6.9,7847.0,2.8,2260.869565217391,0.25
KG MOBILITY GREAT WALL MOTOR,KORANDO,1612.0,8.6,13578.0,2.7,2290.697674418605,0.25
VOLKSWAGEN,KOMBI,1994.0,7.8,24614.0,2.8,2615.3846153846152,0.4
BMW,X2 SDRIVE18I,1505.0,,32215.0,2.9,,0.25
KG MOBILITY GREAT WALL MOTOR,TIVOLI GRAND,1405.0,7.2,12751.0,2.7,2263.8888888888887,0.25
VOLKSWAGEN,PASSAT,1709.0,5.9,16670.0,2.7,2627.1186440677966,0.4
VOLKSWAGEN,BENTAYGA EXTENDED WHEELBASE AZURE V8,2589.0,,205856.0,2.9,,0.25
BMW,X1 SDRIVE18I,1575.0,,18271.0,2.6,,0.25
VOLKSWAGEN,MULTIVAN,2055.0,9.1,45453.0,2.6,2263.736263736264,0.25
VOLKSWAGEN,TOURAN,1573.0,6.6,12285.0,2.6,2272.727272727273,0.25
KG MOBILITY GREAT WALL MOTOR,TIVOLI,1375.0,7.0,12751.0,2.5,2300.0,0.25
RENAULT-NISSAN-MITSUBISHI,JUKE,1286.0,6.1,11161.0,2.5,2262.2950819672133,0.25
VOLKSWAGEN,ARTEON,1520.0,6.2,40777.0,2.7,2274.1935483870966,0.25
VOLKSWAGEN,CRAFTER,2227.0,9.7,24477.0,2.3,2608.2474226804125,0.4
BMW,X1 SDRIVE18D,1650.0,,18271.0,2.2,,0.4
STELLANTIS,TIPO,1335.0,5.8,12787.0,2.9,2241.3793103448274,0.25
VOLKSWAGEN,BENTAYGA EXTENDED WHEELBASE V8,2589.0,,205856.0,2.4,,0.25
VOLKSWAGEN,RS 3 LIMOUSINE,1650.0,,65945.0,2.5,,0.25
BMW,X2 XDRIVE20D,1680.0,,32215.0,2.3,,0.4
VOLKSWAGEN,URUS,2225.0,,244000.0,2.4,,0.25
BMW,X5 XDRIVE25D,2145.0,,40997.0,3.1,,0.4
RENAULT-NISSAN-MITSUBISHI,MICRA,1143.0,6.1,8115.0,2.5,2245.9016393442625,0.25
VOLKSWAGEN,CONTINENTAL GTC AZURE V8,2410.0,,195173.0,2.6,,0.25
BMW,420I XDRIVE,1665.0,,26628.0,2.8,,0.25
VOLKSWAGEN,HURACAN,1727.0,,178900.0,2.3,,0.25
BMW,218I ACTIVE TOURER U06 B38,1545.0,6.2,17798.0,2.7,2258.064516129032,0.25
BMW,116D 5-TÜRER F40 B37,1450.0,4.7,10286.0,2.7,2617.0212765957444,0.4
FORD,FIESTA TITANIUM,1201.0,5.5,9864.0,2.4,2272.7272727272725,0.25
BMW,MINI COOPER S ALL4 COUNTRYMAN,1645.0,7.3,12681.0,3.0,2246.5753424657537,0.25
BMW,318I TOURING G21 B48,1650.0,6.8,11500.0,2.4,2235.294117647059,0.25
FORD,FOCUS ST-LINE X,1539.0,4.8,12428.0,2.4,2645.8333333333335,0.4
FORD,TOURNEO CUSTOM TITANIUM,2529.0,8.8,29712.0,3.1,2625.0,0.4
FORD,FIESTA COOL & CONNECT,1180.0,5.3,9864.0,2.4,2283.0188679245284,0.25
BMW,118I 5-TÜRER F40 B38,1395.0,5.8,12875.0,2.5,2258.6206896551726,0.25
BMW,420I CABRIO G23 B48,1765.0,6.8,26628.0,2.7,2279.4117647058824,0.25
BMW,COOPER F56 B38,1250.0,5.7,10999.0,2.7,2263.157894736842,0.25
FORD,GR TOURNEO CONNECT TIT,1695.0,5.0,20552.0,2.4,2640.0,0.4
BMW,218D GRAN COUPE F44 B47,1545.0,5.1,17798.0,2.2,2627.450980392157,0.4
BMW,COOPER F57 B38,1360.0,6.0,10999.0,2.4,2283.3333333333335,0.25
MAZDA,CX-5/CD150/AT/AMBITION,1689.0,6.1,14920.0,2.4,2622.9508196721313,0.4
BMW,420I COUPE G22 B48,1600.0,6.5,26628.0,3.2,2276.923076923077,0.25
BMW,X2 SDRIVE16D F39 B47,1550.0,5.1,32215.0,2.4,2607.843137254902,0.4
BMW,COOPER S F55 B48,1355.0,6.0,12681.0,2.8,2283.3333333333335,0.25
FORD,KUGA COOL & CONNECT,1576.0,4.7,20889.0,2.8,2638.2978723404253,0.4
BMW,430I XDRIVE CABRIO G23 B48,1840.0,7.4,31286.0,2.9,2283.7837837837837,0.25
FORD,FIESTA ST- LINE,1180.0,5.4,9864.0,2.8,2277.777777777778,0.25
BMW,MINI COOPER COUNTRYMAN F60 B38,1505.0,6.5,11175.0,2.4,2292.3076923076924,0.25
FORD,FOCUS ACTIVE STYLE,1394.0,5.8,12428.0,2.7,2258.6206896551726,0.25
BMW,330I XDRIVE TOURING G21 B48,1735.0,7.4,30316.0,2.6,2256.7567567567567,0.25
BMW,M3 COMPETITION M XDRIVE TOURIN,1940.0,10.3,78697.0,2.2,2262.135922330097,0.25
FORD,TOURNEO CONNECT TITANIUM,1682.0,5.0,20552.0,2.8,2620.0,0.4
FORD,FIESTA ST X,1299.0,6.7,9864.0,2.8,2283.582089552239,0.25
BMW,COOPER F55 B38,1305.0,5.7,10999.0,2.6,2245.614035087719,0.25
BMW,MINI COOPER D CLUBMAN F54 B47,1545.0,5.0,12032.0,2.7,2640.0,0.4
FORD,KUGA TITANIUM X,1735.0,5.7,20889.0,2.5,2631.578947368421,0.4
BMW,X1 SDRIVE18D U11 B47,1650.0,5.0,18271.0,2.6,2620.0,0.4
BMW,218D ACTIVE TOURER U06 B47,1620.0,4.9,17798.0,3.0,2632.6530612244896,0.4
FORD,KUGA TITANIUM,1667.0,5.7,20889.0,2.2,2614.035087719298,0.4
BMW,COOPER S F56 B48,1300.0,6.0,12681.0,2.7,2266.6666666666665,0.25
BMW,118D 5-TÜRER F40 B47,1505.0,5.0,12875.0,2.3,2600.0,0.4
FORD,TRANSIT CUSTOM TREND,2383.0,8.3,17235.0,3.2,2614.457831325301,0.4
FORD,TOURNEO CONNECT ACTIVE,1610.0,4.9,20552.0,2.4,2632.6530612244896,0.4
BMW,MINI COOPER D ALL4 COUNTRYMAN,1645.0,5.5,11736.0,2.6,2618.181818181818,0.4
BMW,M2 COUPE G87 S58,1800.0,9.7,48836.0,3.0,2268.041237113402,0.25
BMW,Z4 SDRIVE30I G29 B48,1545.0,7.4,36604.0,2.9,2256.7567567567567,0.25
BMW,Z4 SDRIVE20I G29 B48,1525.0,7.2,36604.0,2.8,2277.777777777778,0.25
BMW,MINI JOHN COOPER WORKS ALL4 F5,1630.0,7.6,18357.0,2.7,2276.315789473684,0.25
BMW,220I COUPE G42 B48,1565.0,6.5,21916.0,2.8,2276.923076923077,0.25
BMW,218I GRAN COUPE F44 B38,1450.0,6.0,17798.0,3.0,2266.6666666666665,0.25
BMW,116I 5-TÜRER F40 B38,1415.0,5.9,10286.0,2.4,2271.186440677966,0.25
FORD,FIESTA TITANIUM X,1207.0,5.5,9864.0,2.2,2290.909090909091,0.25
FORD,TRANSIT TREND,2359.0,8.6,11651.0,2.6,2627.906976744186,0.4
BMW,M3 COMPETITION M XDRIVE G80 S5,1855.0,10.1,78697.0,2.9,2277.2277227722775,0.25
BMW,JOHN COOPER WORKS F57 B48,1450.0,7.1,18357.0,2.4,2281.6901408450703,0.25
BMW,MINI COOPER S CLUBMAN F54 B48,1490.0,6.4,15047.0,2.5,2265.625,0.25
FORD,FOCUS ST X,1519.0,8.0,12428.0,2.0,2300.0,0.25
BMW,320I XDRIVE LIMOUSINE MX G20 B,1655.0,6.9,17856.0,2.1,2246.376811594203,0.25
FORD,ECOSPORT TITANIUM,1359.0,6.2,15150.0,2.7,2274.1935483870966,0.25
BMW,X1 SDRIVE18I U11 B38,1575.0,6.6,18271.0,2.3,2272.727272727273,0.25
BMW,MINI COOPER D COUNTRYMAN F60 B,1585.0,5.3,11707.0,2.6,2603.7735849056603,0.4
FORD,FIESTA ACTIVE X,1226.0,5.6,9864.0,2.6,2285.714285714286,0.25
BMW,M8 GRAN COUPE F93 S63,2070.0,11.5,125848.0,3.1,2286.9565217391305,0.25
FORD,ECOSPORT ST-LINE,1359.0,6.2,15150.0,2.9,2290.3225806451615,0.25
FORD,FOCUS TITANIUM X,1479.0,4.7,12428.0,2.5,2617.0212765957444,0.4
BMW,COOPER S F57 B48,1400.0,6.4,12681.0,2.6,2265.625,0.25
FORD,FIESTA ST-LINE X,1219.0,5.5,9864.0,2.4,2272.7272727272725,0.25
FORD,TOURNEO CONNECT TIT,1655.0,5.3,20552.0,2.3,2622.6415094339623,0.4
FORD,FIESTA ST-LINE,1214.0,5.5,9864.0,3.1,2272.7272727272725,0.25
BMW,120D XDRIVE 5-TÜRER F40 B47,1590.0,5.2,16127.0,2.4,2615.3846153846152,0.4
BMW,MINI COOPER ALL4 COUNTRYMAN F6,1580.0,7.1,10999.0,2.9,2267.605633802817,0.25
BMW,X2 XDRIVE20D F39 B47,1680.0,5.6,32215.0,2.6,2625.0,0.4
FORD,FOCUS COOL & CONNECT,1431.0,4.3,12428.0,2.4,2604.651162790698,0.4
BMW,M4 COMPETITION M XDRIVE G83 S5,1995.0,10.2,73372.0,2.9,2284.3137254901962,0.25
MAZDA,2/G90/HOMURA,1096.0,4.8,10948.0,2.9,2270.8333333333335,0.25
BMW,430I CABRIO G23 B48,1790.0,7.2,31286.0,3.2,2263.8888888888887,0.25
FORD,MUSTANG MACH 1,1839.0,12.4,43825.0,2.7,2290.3225806451615,0.25
FORD,FIESTA ACTIVE,1200.0,5.5,9864.0,2.7,2272.7272727272725,0.25
BMW,Z4 M40I G29 B58,1640.0,8.1,51135.0,2.6,2271.604938271605,0.25
BMW,X3 M F97 S58,2085.0,10.9,45256.0,3.1,2284.4036697247707,0.25
BMW,330I TOURING G21 B48,1675.0,6.9,30316.0,2.6,2246.376811594203,0.25
BMW,X2 SDRIVE18I F39 B38,1505.0,6.3,32215.0,2.1,2285.714285714286,0.25
BMW,M850I XDRIVE CABRIO G14 N63,2125.0,10.9,99648.0,2.7,2284.4036697247707,0.25
FORD,GR TOURNEO CONNECT SPORT,1781.0,5.5,20552.0,2.8,2636.3636363636365,0.4
MAZDA,CX-5/CD184/AWD/AT/NEWGRO,1801.0,6.6,14920.0,2.7,2621.2121212121215,0.4
BMW,430I XDRIVE G26 B48,1775.0,7.2,31286.0,2.9,2291.6666666666665,0.25
BMW,230I COUPE G42 B48,1600.0,6.9,28698.0,2.5,2260.869565217391,0.25
FORD,PUMA ST X,1363.0,6.7,23158.0,2.6,2268.6567164179105,0.25
BMW,M3 CS LIMOUSINE G80 S58,1840.0,10.3,78697.0,2.5,2252.4271844660193,0.25
FORD,FOCUS ST-LINE VIGNALE,1431.0,4.5,12428.0,2.9,2644.4444444444443,0.4
BMW,JOHN COOPER WORKS F56 B48,1350.0,6.7,18357.0,3.0,2268.6567164179105,0.25
FORD,FOCUS TURNIER ST X,1571.0,8.0,12428.0,3.0,2275.0,0.25
BMW,X2 XDRIVE18D F39 B47,1680.0,5.6,32215.0,2.7,2607.1428571428573,0.4
BMW,M4 COMPETITION M XDRIVE G82 S5,1850.0,10.1,73372.0,2.7,2267.3267326732675,0.25
BMW,M240I XDRIVE COUPE G42 B58,1765.0,8.7,44868.0,2.4,2275.862068965517,0.25
FORD,TOURNEO CUSTOM SPORT,2539.0,8.8,29712.0,2.4,2613.6363636363635,0.4
BMW,120I 5-TÜRER F40 B48,1465.0,6.5,16127.0,2.1,2276.923076923077,0.25
BMW,220I GRAN COUPE F44 B48,1505.0,6.3,21916.0,2.3,2301.5873015873017,0.25
FORD,GRTOURNEO CONNECT ACTIVE,1682.0,5.0,20552.0,2.9,2640.0,0.4
FORD,TRANSIT CUSTOM BASIS,2292.0,7.8,17235.0,2.6,2628.2051282051284,0.4
BMW,M135I XDRIVE 5-TÜRER F40 B48,1600.0,7.6,33032.0,2.2,2276.315789473684,0.25
BMW,216I ACTIVE TOURER U06 B38,1545.0,6.3,13973.0,2.5,2238.095238095238,0.25
BMW,MINI COOPER CLUBMAN F54 B38,1435.0,6.1,12170.0,2.1,2278.688524590164,0.25
BMW,M5 LIMOUSINE F90 S63,1970.0,11.3,47933.0,2.5,2274.336283185841,0.25
BMW,430I COUPE G22 B48,1620.0,6.7,31286.0,2.5,2253.731343283582,0.25
BMW,M3 COMPETITION LIMOUSINE G80 S,1805.0,9.8,78697.0,2.5,2275.5102040816323,0.25
BMW,X2 M35I F39 B48,1690.0,7.7,52377.0,2.7,2272.7272727272725,0.25
FORD,GR TOURNEO CONNECT ACT,1781.0,5.5,20552.0,2.7,2618.181818181818,0.4
BMW,320I TOURING G21 B48,1660.0,7.1,17856.0,2.7,2253.5211267605637,0.25
BMW,M550I XDRIVE LIMOUSINE G30 N63,1990.0,10.7,47029.0,2.5,2280.373831775701,0.25
VOLKSWAGEN,RS 4 AVANT,1820.0,9.8,65945.0,2.5,2265.3061224489793,0.25
STELLANTIS,INSIGNIA SPORTS TOUR,1615.0,5.1,12792.0,2.6,2607.843137254902,0.4
BMW,218D XDRIVE GRAN TOURER F46 B4,1740.0,5.5,17798.0,2.8,2636.3636363636365,0.4
BMW,840I COUPE G15 B58,1805.0,8.2,81885.0,2.0,2280.487804878049,0.25
FORD,ECOSPORT ACTIVE,1359.0,6.3,15150.0,2.9,2269.84126984127,0.25
BMW,218I COUPE G42 B48,1560.0,6.7,17798.0,2.7,2253.731343283582,0.25
BMW,320I LIMOUSINE MX G20 B48,1590.0,6.6,17856.0,2.9,2257.5757575757575,0.25
BMW,MINI COOPER SD ALL4 COUNTRYMAN,1675.0,5.6,13311.0,2.3,2607.1428571428573,0.4
BMW,840I XDRIVE GRAN COUPE G16 B58,1950.0,9.0,81885.0,2.4,2288.8888888888887,0.25
MAZDA,CX-5/G165/AMBITION PLUS,1576.0,6.8,15728.0,3.2,2250.0,0.25
BMW,420I GRAN COUPE G26 B48,1695.0,6.9,26628.0,2.7,2275.3623188405795,0.25
BMW,X2 XDRIVE20I F39 B48,1640.0,7.0,32215.0,2.7,2285.714285714286,0.25
FORD,TOURNEO CONNECT SPORT,1712.0,5.5,20552.0,2.7,2600.0,0.4
BMW,M240I COUPE G42 B58,1710.0,7.9,44868.0,3.2,2253.164556962025,0.25
MAZDA,CX-5/CD150/AMBITION,1666.0,5.6,14920.0,2.7,2625.0,0.4
BMW,M4 CSL COUPE G82 S58,1700.0,10.0,73372.0,2.9,2250.0,0.25
BMW,220I XDRIVE GRAN COUPE F44 B48,1595.0,6.9,21916.0,3.1,2246.376811594203,0.25
BMW,MINI COOPER S COUNTRYMAN F60 B,1555.0,6.5,14556.0,2.7,2292.3076923076924,0.25
BMW,318I LIMOUSINE MX G20 B48,1575.0,6.7,11500.0,2.7,2253.731343283582,0.25
STELLANTIS,CORSA GS 12T XHL MT6 S/S 100 CV (74KW),1175.0,5.1,8959.0,3.1,2235.294117647059,0.25
STELLANTIS,NUEVO C5 X PURETECH 130 S&S EAT8 FEEL  (SOLO STOCK,1493.0,6.0,7375.0,2.7,2266.6666666666665,0.25
STELLANTIS,2008 ACTIVE PACK PURETECH 100 S&S 6 VEL MAN,1263.0,5.5,12275.0,2.5,2236.3636363636365,0.25
STELLANTIS,MOKKA GS 15 D MT6 S/S 110CV (81 KW),1295.0,4.5,15522.0,2.9,2622.222222222222,0.4
STELLANTIS,N2008 ALLURE BLUEHDI 130 S&S EAT8,1345.0,5.0,12275.0,3.0,2620.0,0.4
STELLANTIS,208 5P ACTIVE BLUEHDI 100 S&S 6 VEL MAN,1165.0,4.2,8793.0,2.8,2595.238095238095,0.4
STELLANTIS,208 5P ACTIVE PACK PURETECH 100 S&S 6 VEL MAN,1165.0,5.0,8793.0,2.8,2260.0,0.25
STELLANTIS,CORSA EDITION 12T XEL MT5 S/S 75 CV (55KW),1055.0,5.3,8959.0,2.5,2245.2830188679245,0.25
STELLANTIS,CROSSLAND GS 12 GAS MT6 S/S 110CV (81KW),1290.0,5.9,17586.0,3.0,2254.237288135593,0.25
STELLANTIS,CORSA EDITION 12T XHL MT6 S/S 100 CV (74KW),1165.0,5.1,8959.0,2.6,2254.901960784314,0.25
STELLANTIS,308 5P ALLURE PURETECH 130 S&S 6 VEL MAN,1333.0,5.6,8477.0,2.6,2267.857142857143,0.25
STELLANTIS,208 5P ALLURE PURETECH 100 S&S EAT8,1165.0,5.4,8793.0,2.5,2240.7407407407404,0.25
STELLANTIS,NUEVO C4 PURETECH 130 S&S 6V FEEL PACK,1322.0,5.3,9843.0,2.6,2245.2830188679245,0.25
STELLANTIS,208 5P ACTIVE PACK BLUEHDI 100 S&S 6 VEL MAN,1165.0,4.2,8793.0,2.3,2595.238095238095,0.4
STELLANTIS,3008 ACTIVE PACK BLUEHDI 130 S&S EAT8,1504.0,5.4,19475.0,2.2,2629.6296296296296,0.4
STELLANTIS,208 5P GT PURETECH 100 S&S 6 VEL MAN,1165.0,5.2,8793.0,3.1,2250.0,0.25
STELLANTIS,NUEVO C4 PURETECH 130 S&S EAT8 FEEL PACK (SOLO STO,1353.0,5.8,9843.0,2.3,2241.3793103448274,0.25
STELLANTIS,2008 ALLURE PACK BLUEHDI 130 S&S EAT8,1345.0,5.0,12275.0,2.4,2640.0,0.4
STELLANTIS,308 5P ACTIVE PACK PURETECH 130 S&S 6 VEL MAN,1333.0,5.5,8477.0,2.2,2254.5454545454545,0.25
STELLANTIS,NUEVO C4X PURETECH 130 S&S EAT8 FEEL PACK,1364.0,5.7,9843.0,3.1,2263.157894736842,0.25
STELLANTIS,NUEVO C3 PURETECH 83 S&S C SERIES,1055.0,5.5,8804.0,2.9,2236.3636363636365,0.25
STELLANTIS,208 5P ACTIVE PACK PURETECH 100 S&S EAT8,1165.0,5.4,8793.0,2.4,2240.7407407407404,0.25
STELLANTIS,208 5P ALLURE PURETECH 100 S&S 6 VEL MAN,1165.0,5.1,8793.0,2.9,2235.294117647059,0.25
STELLANTIS,BERLINGO TALLA M BLUEHDI 100 S&S FEEL,1505.0,5.4,10316.0,2.5,2611.111111111111,0.4
STELLANTIS,RIFTER GT BLUEHDI 130 S&S 6 VEL MAN STANDARD,1543.0,5.8,31765.0,3.2,2603.448275862069,0.4
STELLANTIS,NUEVO C3 BLUE HDI 100 S&S 6V PLUS,1165.0,4.5,8804.0,2.2,2600.0,0.4
STELLANTIS,208 5P ALLURE BLUEHDI 100 S&S 6 VEL MAN,1165.0,4.2,8793.0,3.2,2619.047619047619,0.4
STELLANTIS,2008 ALLURE PURETECH 130 S&S EAT8,1280.0,5.9,12275.0,2.8,2254.237288135593,0.25
STELLANTIS,MOKKA GS 12 T MT6 S/S 136CV (100 KW),1275.0,5.5,15522.0,2.8,2236.3636363636365,0.25
STELLANTIS,NUEVO C4 BLUEHDI 130 S&S EAT8 SHINE,1399.0,4.9,9843.0,2.9,2632.6530612244896,0.4
STELLANTIS,2008 ALLURE PACK PURETECH 100 S&S 6 VEL MAN,1263.0,5.5,12275.0,2.8,2254.5454545454545,0.25
STELLANTIS,2008 GT PURETECH 130 S&S 6 VEL MAN,1267.0,5.6,12275.0,2.7,2250.0,0.25
STELLANTIS,2008 GT PURETECH 130 S&S EAT8,1280.0,5.9,12275.0,2.6,2271.186440677966,0.25
STELLANTIS,3008 ALLURE PACK BLUEHDI 130 S&S EAT8,1504.0,5.4,19475.0,2.4,2629.6296296296296,0.4
STELLANTIS,C3 AIRCROSS PURETECH 110 S&S 6V C SERIES,1291.0,5.9,11330.0,2.5,2271.186440677966,0.25
STELLANTIS,3008 ACTIVE PACK BLUEHDI 130 S&S 6 VEL MAN,1504.0,5.0,19475.0,2.1,2600.0,0.4
STELLANTIS,NUEVO C3 PURETECH 83 S&S SHINE,1055.0,5.5,8804.0,2.6,2254.5454545454545,0.25
STELLANTIS,5008 ALLURE PACK BLUEHDI 130 S&S EAT8,1611.0,5.6,16047.0,2.3,2607.1428571428573,0.4
STELLANTIS,2008 ALLURE PURETECH 100 S&S 6 VEL MAN,1263.0,5.5,12275.0,2.3,2254.5454545454545,0.25
STELLANTIS,NUEVO C5 X PURETECH 130 S&S EAT8 SHINE (SOLO STOCK,1493.0,6.1,7375.0,2.7,2245.9016393442625,0.25
STELLANTIS,2008 ALLURE PURETECH 130 S&S 6 VEL MAN,1267.0,5.6,12275.0,3.0,2250.0,0.25
STELLANTIS,CROSSLAND EDITION 12 GAS MT6 S/S 110CV (81KW),1290.0,5.8,17586.0,2.9,2258.6206896551726,0.25
STELLANTIS,NUEVO C4 BLUEHDI 130 S&S EAT8 FEEL PACK,1399.0,4.9,9843.0,2.1,2612.2448979591836,0.4
STELLANTIS,308 5P ALLURE PURETECH 130 S&S EAT8,1363.0,5.7,8477.0,2.3,2263.157894736842,0.25
STELLANTIS,N2008 ALLURE PURETECH 100 S&S 6 VEL MAN,1263.0,5.5,12275.0,2.9,2236.3636363636365,0.25
STELLANTIS,C5 AIRCROSS PURETECH 130 S&S 6V C SERIES (SOLO STO,1483.0,6.2,17283.0,2.3,2258.064516129032,0.25
STELLANTIS,308 5P ALLURE BLUEHDI 130 S&S EAT8,1436.0,5.0,8477.0,2.5,2600.0,0.4
STELLANTIS,CROSSLAND GS 15 DIE MT6 S/S 110CV (81KW),1312.0,4.9,17586.0,2.3,2612.2448979591836,0.4
STELLANTIS,C3 AIRCROSS PURETECH 110 S&S 6V FEEL PACK,1291.0,5.9,11330.0,2.6,2254.237288135593,0.25
STELLANTIS,NUEVO 308 5P ACTIVE PACK PURETECH 130 S&S 6 VEL M,1333.0,5.5,8477.0,2.2,2272.7272727272725,0.25
STELLANTIS,208 5P ALLURE PACK PURETECH 100 S&S 6 VEL MAN,1165.0,5.1,8793.0,2.4,2235.294117647059,0.25
STELLANTIS,NUEVO C5 X PURETECH 180 S&S EAT8 SHINE (SOLO STOCK,1542.0,6.5,7375.0,2.7,2261.5384615384614,0.25
STELLANTIS,NUEVO C3 BLUE HDI 100 S&S 6V SHINE,1165.0,4.5,8804.0,2.8,2600.0,0.4
STELLANTIS,NUEVO C4 PURETECH 130 S&S EAT8  FEEL PACK (SOLO ST,1353.0,5.8,9843.0,3.0,2241.3793103448274,0.25
STELLANTIS,208 5P ALLURE PACK BLUEHDI 100 S&S 6 VEL MAN,1165.0,4.2,8793.0,2.6,2619.047619047619,0.4
STELLANTIS,C3 AIRCROSS BLUEHDI 110 S&S 6V C SERIES,1310.0,4.9,11330.0,2.5,2612.2448979591836,0.4
STELLANTIS,3008 ALLURE PACK PURETECH 130 S&S 6 VEL MAN,1395.0,6.1,19475.0,2.6,2278.688524590164,0.25
STELLANTIS,2008 GT BLUEHDI 130 S&S EAT8,1345.0,5.1,12275.0,2.8,2588.2352941176473,0.4
BMW,X2 SDRIVE18D,1615.0,,32215.0,2.6,,0.4
RENAULT-NISSAN-MITSUBISHI,MEGANE SPORT TOURER,1481.0,4.5,11191.0,2.6,2644.4444444444443,0.4
STELLANTIS,308 5P GT BLUEHDI 130 S&S EAT8,1436.0,5.0,8477.0,2.4,2620.0,0.4
STELLANTIS,CORSA GS LINE 12T XHT AT8 S/S 130 CV (96KW),1233.0,5.4,8959.0,2.2,2259.259259259259,0.25
STELLANTIS,NUEVO 308 5P ACTIVE PACK BLUEHDI 130 S&S MAN,1418.0,4.3,8477.0,3.1,2651.1627906976746,0.4
STELLANTIS,CORSA GS LINE 12T XHL MT6 S/S 100 CV (74KW),1165.0,5.1,8959.0,2.4,2235.294117647059,0.25
STELLANTIS,2008 ALLURE PACK PURETECH 130 S&S 6 VEL MAN,1267.0,5.6,12275.0,2.4,2250.0,0.25
STELLANTIS,3008 GT BLUEHDI 130 S&S EAT8,1504.0,5.2,19475.0,2.5,2615.3846153846152,0.4
STELLANTIS,C3 AIRCROSS PURETECH 110 S&S 6V SHINE PACK (SOLO S,1291.0,6.0,11330.0,3.0,2266.6666666666665,0.25
STELLANTIS,NUEVO C4X PURETECH 130 S&S EAT8 SHINE,1364.0,5.7,9843.0,2.4,2263.157894736842,0.25
STELLANTIS,MOKKA BLACK EDITION 12 T MT6 S/S 136CV (100 KW),1275.0,5.5,15522.0,2.7,2254.5454545454545,0.25
STELLANTIS,2008 ALLURE PACK PURETECH 130 S&S EAT8,1280.0,5.9,12275.0,2.3,2254.237288135593,0.25
STELLANTIS,C3 AIRCROSS PURETECH 130 S&S EAT6 SHINE PACK (SOLO,1310.0,6.5,11330.0,2.7,2246.153846153846,0.25
STELLANTIS,208 5P ACTIVE PACK PURETECH 75 S&S 5 VEL MAN,1055.0,5.2,8793.0,2.8,2269.230769230769,0.25
STELLANTIS,NUEVO C3 BLUE HDI 100 S&S 6V CSERIES,1165.0,4.5,8804.0,2.5,2600.0,0.4
STELLANTIS,NUEVO C4 BLUEHDI 130 S&S EAT8 SHINE (SOLO STOCK),1399.0,4.6,9843.0,2.6,2608.6956521739135,0.4
STELLANTIS,NUEVO C4 BLUEHDI 130 S&S EAT8 FEEL PACK (SOLO STOC,1399.0,4.9,9843.0,2.6,2612.2448979591836,0.4
STELLANTIS,C3 AIRCROSS PURETECH 110 S&S 6V PLUS,1291.0,5.9,11330.0,2.9,2271.186440677966,0.25
STELLANTIS,C3 AIRCROSS BLUEHDI 110 S&S 6V FEEL PACK,1310.0,4.8,11330.0,3.2,2645.8333333333335,0.4
STELLANTIS,308 SW ALLURE BLUEHDI 130 S&S EAT8,1475.0,5.0,8477.0,2.2,2620.0,0.4
STELLANTIS,NUEVO C3 PURETECH 83 S&S YOU!,1055.0,5.5,8804.0,2.4,2236.3636363636365,0.25
STELLANTIS,3008 ACTIVE PACK PURETECH 130 S&S 6 VEL MAN,1395.0,6.1,19475.0,3.1,2262.2950819672133,0.25
STELLANTIS,CORSA ELEGANCE 12T XHL MT6 S/S 100 CV (74KW),1165.0,5.1,8959.0,2.8,2254.901960784314,0.25
STELLANTIS,5008 GT BLUEHDI 130 S&S EAT8,1611.0,5.6,16047.0,3.1,2642.857142857143,0.4
STELLANTIS,208 5P ALLURE PACK PURETECH 100 S&S EAT8,1165.0,5.4,8793.0,2.5,2240.7407407407404,0.25
STELLANTIS,NUEVO C4 PURETECH 130 S&S EAT8 FEEL PACK,1353.0,5.8,9843.0,2.4,2241.3793103448274,0.25
STELLANTIS,NUEVO C3 PURETECH 83 S&S PLUS,1055.0,5.5,8804.0,2.3,2236.3636363636365,0.25
STELLANTIS,CORSA ELEGANCE 12T XHL AT8 S/S 100 CV (74KW),1165.0,5.4,8959.0,2.4,2259.259259259259,0.25
STELLANTIS,C5 AIRCROSS BLUEHDI 130 S&S EAT8 SHINE PACK (SOLO,1567.0,5.2,17283.0,2.2,2634.6153846153843,0.4
STELLANTIS,208 5P GT BLUEHDI 100 S&S 6 VEL MAN,1165.0,4.3,8793.0,2.6,2604.651162790698,0.4
STELLANTIS,C3 AIRCROSS PURETECH 110 S&S 6V SHINE,1291.0,5.9,11330.0,2.7,2271.186440677966,0.25
STELLANTIS,C3 AIRCROSS PURETECH 110 S&S 6V C SERIES (SOLO STO,1291.0,5.9,11330.0,2.9,2271.186440677966,0.25
STELLANTIS,C3 AIRCROSS PURETECH 110 S&S 6V SHINE (SOLO STOCK),1291.0,5.9,11330.0,2.0,2271.186440677966,0.25
STELLANTIS,NUEVO C4 PURETECH 100 S&S 6V LIVE PACK,1284.0,5.6,9843.0,2.7,2250.0,0.25
STELLANTIS,NUEVO ASTRA 5P ELEGANCE 15D DTH AT8 S/S 130 HP (9,1438.0,4.9,9574.0,3.0,2632.6530612244896,0.4
STELLANTIS,C5 AIRCROSS BLUEHDI 130 S&S 6V C SERIES (SOLO STOC,1505.0,4.9,17283.0,2.2,2632.6530612244896,0.4
STELLANTIS,NUEVO C3 PURETECH 110 S&S 6V SHINE,1165.0,5.3,8804.0,2.7,2283.0188679245284,0.25
STELLANTIS,NUEVO 308 5P ALLURE BLUEHDI 130 S&S EAT8,1436.0,5.0,8477.0,2.4,2600.0,0.4
STELLANTIS,CROSSLAND GS 12 GAS AT6 S/S 130CV (96KW),1312.0,6.3,17586.0,2.6,2269.84126984127,0.25
STELLANTIS,508 SW ALLURE PACK  BLUEHDI 130 S&S EAT8,1505.0,4.7,16180.0,2.8,2638.2978723404253,0.4
STELLANTIS,ASTRA 5P EDITION 12T XHT MT6 S/S 130 CV (96KW),1341.0,5.4,9574.0,2.6,2277.777777777778,0.25
STELLANTIS,NUEVO C4 PURETECH 100 S&S 6V LIVE PACK (SOLO STOCK,1284.0,5.6,9843.0,2.3,2250.0,0.25
STELLANTIS,N2008 ACTIVE PURETECH 100 S&S 6 VEL MAN,1263.0,5.4,12275.0,2.2,2277.777777777778,0.25
STELLANTIS,NUEVO ASTRA 5P EDITION 12T XHL MT6 S/S 110 HP (81,1332.0,5.4,9574.0,2.6,2277.777777777778,0.25
STELLANTIS,NUEVO C4 PURETECH 130 S&S 6V SHINE,1322.0,5.3,9843.0,2.3,2245.2830188679245,0.25
STELLANTIS,308 SW ALLURE PACK PURETECH 130 S&S EAT8,1420.0,5.8,8477.0,2.4,2258.6206896551726,0.25
STELLANTIS,3008 ALLURE PACK PURETECH 130 S&S EAT8,1395.0,6.4,19475.0,3.0,2265.625,0.25
STELLANTIS,C5 AIRCROSS BLUEHDI130 S&S EAT8 SHINE PACK (SOLO S,1567.0,5.5,17283.0,2.9,2636.3636363636365,0.4
STELLANTIS,C3 AIRCROSS BLUE HDI 110 S&S 6V YOU,1310.0,4.8,11330.0,2.3,2645.8333333333335,0.4
STELLANTIS,N2008 ALLURE PURETECH 130 S&S EAT8,1280.0,5.9,12275.0,2.5,2254.237288135593,0.25
STELLANTIS,C3 AIRCROSS BLUEHDI 110 S&S 6V SHINE,1310.0,4.9,11330.0,3.0,2612.2448979591836,0.4
STELLANTIS,NUEVO C3 BLUE HDI 100 S&S 6V YOU!,1161.0,4.5,8804.0,2.6,2622.222222222222,0.4
STELLANTIS,C5 AIRCROSS PURETECH 130 S&S EAT8 C SERIES,1505.0,6.6,17283.0,2.7,2257.5757575757575,0.25
STELLANTIS,3008 GT PURETECH 130 S&S EAT8,1395.0,6.5,19475.0,2.7,2246.153846153846,0.25
STELLANTIS,NUEVO C3 PURETECH 110 S&S EAT6 SHINE,1165.0,5.9,8804.0,2.5,2271.186440677966,0.25
STELLANTIS,NUEVO C4 PURETECH 130 S&S EAT8 PLUS,1353.0,5.7,9843.0,2.6,2280.7017543859647,0.25
STELLANTIS,BERLINGO TALLA M BLUEHDI 130 S&S SHINE (SOLO STOCK,1505.0,5.3,10316.0,2.6,2622.6415094339623,0.4
STELLANTIS,308 5P ALLURE PACK PURETECH 130 S&S EAT8,1363.0,5.7,8477.0,2.8,2263.157894736842,0.25
BMW,X2 SDRIVE16D,1570.0,,32215.0,2.4,,0.4
STELLANTIS,C3 AIRCROSS BLUEHDI 110 S&S 6V C-SERIES (SOLO STOC,1280.0,4.7,11330.0,2.2,2595.7446808510635,0.4
STELLANTIS,NUEVO 308 5P ALLURE PACK PURETECH 130 S&S EAT8,1363.0,5.7,8477.0,2.0,2263.157894736842,0.25
STELLANTIS,308 SW GT PURETECH 130 S&S EAT8,1420.0,5.9,8477.0,2.8,2237.2881355932204,0.25
STELLANTIS,308 5P GT PURETECH 130 S&S EAT8,1363.0,5.8,8477.0,2.0,2258.6206896551726,0.25
STELLANTIS,C3 AIRCROSS PURETECH 110 S&S 6V RIP CURL,1291.0,6.0,11330.0,2.7,2266.6666666666665,0.25
STELLANTIS,3008 GT PURETECH 130 S&S 6 VEL MAN,1395.0,6.2,19475.0,2.6,2258.064516129032,0.25
STELLANTIS,NUEVO C4 PURETECH 100 S&S 6V FEEL,1284.0,5.4,9843.0,2.9,2259.259259259259,0.25
STELLANTIS,5008 GT PURETECH 130 S&S EAT8,1505.0,6.7,16047.0,2.6,2253.731343283582,0.25
STELLANTIS,NUEVO C4 PURETECH 130 S&S 6V C SERIES (SOLO STOCK),1322.0,5.3,9843.0,2.6,2245.2830188679245,0.25
STELLANTIS,C5 AIRCROSS BLUEHDI 130 S&S EAT8 FEEL PACK,1567.0,5.5,17283.0,2.9,2636.3636363636365,0.4
STELLANTIS,308 5P ALLURE PACK PURETECH 130 S&S 6 VEL MAN,1333.0,5.6,8477.0,2.5,2267.857142857143,0.25
STELLANTIS,CORSA GS 12T XHT AT8 S/S 130 CV (96KW),1233.0,5.4,8959.0,2.7,2259.259259259259,0.25
STELLANTIS,C3 AIRCROSS PURETECH 110 S&S 6V YOU,1291.0,5.9,11330.0,2.7,2254.237288135593,0.25
BMW,M135I XDRIVE,1600.0,,33032.0,2.4,,0.25
STELLANTIS,C3 AIRCROSS BLUEHDI 110 S&S 6V MAX,1310.0,5.0,11330.0,2.9,2600.0,0.4
STELLANTIS,NUEVO C3 PURETECH 83 S&S MAX,1055.0,5.5,8804.0,2.5,2236.3636363636365,0.25
STELLANTIS,NUEVO C4 PURETECH 130 S&S 6V FEEL (SOLO STOCK),1322.0,5.4,9843.0,2.3,2259.259259259259,0.25
STELLANTIS,C3 AIRCROSS PURETECH 110 S&S 6V FEEL PACK (SOLO ST,1291.0,5.9,11330.0,2.6,2254.237288135593,0.25
STELLANTIS,MOKKA BUSINESS ELEGANCE 12 T 130CV MT6 S/S 130 CV,1275.0,5.5,15522.0,2.6,2272.7272727272725,0.25
STELLANTIS,NUEVO ASTRA 5P GS 12T XHT MT6 S/S 130 HP (96KW),1341.0,5.5,9574.0,2.9,2272.7272727272725,0.25
STELLANTIS,308 SW ALLURE PURETECH 130 S&S 6 VEL MAN,1385.0,5.7,8477.0,2.7,2245.614035087719,0.25
STELLANTIS,MOKKA GS 12 T AT8 S/S 130CV (96 KW),1295.0,5.9,15522.0,2.6,2254.237288135593,0.25
STELLANTIS,N 508 5P ALLURE BLUEHDI 130 S&S EAT8,1557.0,5.0,16180.0,2.8,2620.0,0.4
STELLANTIS,5008 ALLURE PACK PURETECH 130 S&S 6 VEL MAN,1504.0,6.3,16047.0,3.0,2269.84126984127,0.25
STELLANTIS,MOKKA GS 12 T AT8 S/S 130 CV (96KW),1295.0,5.9,15522.0,2.8,2254.237288135593,0.25
STELLANTIS,2008 ALLURE BLUEHDI 130 S&S EAT8,1345.0,5.0,12275.0,2.6,2640.0,0.4
STELLANTIS,C5 AIRCROSS PURETECH 130 S&S 6V C SERIES,1483.0,6.2,17283.0,2.2,2274.1935483870966,0.25
STELLANTIS,NUEVO C4 PURETECH 130 S&S 6V FEEL PACK (SOLO STOCK,1322.0,5.3,9843.0,2.3,2245.2830188679245,0.25
STELLANTIS,C5 AIRCROSS BLUEHDI 130 S&S EAT8 PLUS,1567.0,5.5,17283.0,2.5,2618.181818181818,0.4
STELLANTIS,C5 AIRCROSS PURETECH 130 S&S 6V FEEL PACK,1483.0,6.2,17283.0,2.4,2258.064516129032,0.25
STELLANTIS,NUEVO C4 BLUEHDI 130 S&S EAT8 PLUS,1399.0,4.9,9843.0,2.5,2632.6530612244896,0.4
STELLANTIS,NUEVO C4 PURETECH 130 S&S 6V FEEL,1322.0,5.4,9843.0,2.6,2259.259259259259,0.25
STELLANTIS,MOKKA ULTIMATE 15 D MT6 S/S 116 (81 KW),1295.0,4.5,15522.0,2.6,2644.4444444444443,0.4
STELLANTIS,MOKKA GS LINE 12 T 130CV MT6 S/S 130 CV (96KW),1275.0,5.5,15522.0,2.7,2254.5454545454545,0.25
STELLANTIS,208 5P GT PURETECH 100 S&S EAT8,1165.0,5.4,8793.0,2.6,2277.777777777778,0.25
STELLANTIS,NUEVO C4 PURETECH 130 S&S EAT8 SHINE,1353.0,5.8,9843.0,2.3,2241.3793103448274,0.25
STELLANTIS,NUEVO C4 PURETECH 100 S&S 6V FEEL (SOLO STOCK),1284.0,5.4,9843.0,2.6,2259.259259259259,0.25
STELLANTIS,NUEVO 308 5P ALLURE PURETECH 130 S&S EAT8,1363.0,5.7,8477.0,2.2,2263.157894736842,0.25
STELLANTIS,NUEVO ASTRA 5P ELEGANCE 12T XHT MT6 S/S 130 HP (9,1341.0,5.5,9574.0,2.5,2272.7272727272725,0.25
STELLANTIS,C5 AIRCROSS BLUEHDI 130 S&S 6V FEEL (SOLO STOCK),1505.0,4.9,17283.0,3.0,2653.0612244897957,0.4
STELLANTIS,NUEVO ASTRA 5P ELEGANCE 15D DTH MT6 S/S 130 HP (9,1424.0,4.4,9574.0,2.5,2613.6363636363635,0.4
STELLANTIS,NUEVO C5 X PURETECH 180 S&S EAT8  SHINE PACK (SOLO,1542.0,6.5,7375.0,2.4,2261.5384615384614,0.25
STELLANTIS,MOKKA ULTIMATE 12 T MT6 S/S 136 (100 KW),1275.0,5.6,15522.0,2.5,2250.0,0.25
STELLANTIS,C5 AIRCROSS BLUEHDI130 S&S EAT8 SHINE PACK,1567.0,5.6,17283.0,2.5,2607.1428571428573,0.4
STELLANTIS,RIFTER ACTIVE PACK BLUEHDI 100 S&S 6 VEL MAN STAN,1505.0,5.2,31765.0,2.7,2634.6153846153843,0.4
STELLANTIS,C3 AIRCROSS BLUEHDI 110 S&S 6V FEEL PACK (SOLO STO,1280.0,4.6,11330.0,3.0,2608.6956521739135,0.4
STELLANTIS,NUEVO C4 PURETECH 130 S&S 6V SHINE (SOLO STOCK),1322.0,5.3,9843.0,2.2,2245.2830188679245,0.25
STELLANTIS,C3 AIRCROSS BLUEHDI 110 S&S 6V SHINE (SOLO STOCK),1280.0,4.7,11330.0,2.0,2595.7446808510635,0.4
STELLANTIS,NUEVO 308 5P ALLURE PACK PURETECH 130 S&S 6 VEL M,1333.0,5.6,8477.0,2.9,2267.857142857143,0.25
STELLANTIS,NUEVO 308 5P GT PURETECH 130 S&S EAT8,1363.0,5.8,8477.0,2.2,2258.6206896551726,0.25
STELLANTIS,MOKKA EDITION 12 T 100CV MT6 S/S 100 (74KW),1270.0,5.5,22853.0,2.5,2272.7272727272725,0.25
STELLANTIS,N2008 GT PURETECH 130 S&S EAT8,1280.0,5.9,12275.0,2.2,2254.237288135593,0.25
STELLANTIS,208 5P ACTIVE PURETECH 75 S&S 5 VEL MAN,1055.0,5.3,8793.0,2.1,2226.4150943396226,0.25
STELLANTIS,MOKKA BLACK EDITION 12 T AT8 S/S 130CV (96 KW),1295.0,5.9,15522.0,2.8,2254.237288135593,0.25
STELLANTIS,NUEVO C4X PURETECH 130 S&S EAT8 MAX,1364.0,5.7,9843.0,2.4,2263.157894736842,0.25
STELLANTIS,NUEVO C3 PURETECH 110 S&S 6V MAX,1165.0,5.4,8804.0,2.7,2240.7407407407404,0.25
STELLANTIS,308 5P ALLURE PACK BLUEHDI 130 S&S EAT8,1436.0,5.0,8477.0,2.2,2600.0,0.4
STELLANTIS,C3 AIRCROSS BLUEHDI 120 S&S EAT6 SHINE PACK (SOLO,1335.0,5.1,11330.0,2.6,2627.450980392157,0.4
STELLANTIS,CORSA EDITION 15D DT MT6 S/S 100 CV (74KW),1165.0,4.2,8959.0,2.3,2619.047619047619,0.4
STELLANTIS,CROSSLAND ELEGANCE 12 GAS AT6 S/S 130CV (96KW),1312.0,6.3,17586.0,3.0,2269.84126984127,0.25
STELLANTIS,C5 AIRCROSS BLUEHDI 130 S&S EAT8 C SERIES,1567.0,5.5,17283.0,2.6,2636.3636363636365,0.4
STELLANTIS,RIFTER ALLURE PACK BLUEHDI 130 S&S 6 VEL MAN STAN,1505.0,5.3,31765.0,2.6,2622.6415094339623,0.4
STELLANTIS,C3 AIRCROSS PURETECH 130 S&S EAT6 SHINE PACK,1310.0,6.5,11330.0,2.3,2246.153846153846,0.25
STELLANTIS,5008 ALLURE PACK PURETECH 130 S&S EAT8,1505.0,6.6,16047.0,2.5,2272.727272727273,0.25
STELLANTIS,NUEVO 308 5P ACTIVE PACK BLUEHDI 130 S&S EAT8,1436.0,4.9,8477.0,2.5,2612.2448979591836,0.4
STELLANTIS,NUEVO C4 PURETECH 130 S&S 6V MAX,1322.0,5.3,9843.0,3.1,2264.1509433962265,0.25
STELLANTIS,3008 ALLURE PACK BLUEHDI 130 S&S 6 VEL MAN,1504.0,5.0,19475.0,2.1,2600.0,0.4
STELLANTIS,3008 ACTIVE PACK PURETECH 130 S&S EAT8,1395.0,6.4,19475.0,3.0,2265.625,0.25
STELLANTIS,RIFTER ALLURE BLUEHDI 100 S&S 6 VEL MAN STANDARD,1505.0,5.5,31765.0,2.5,2600.0,0.4
STELLANTIS,NUEVO 308 5P GT BLUEHDI 130 S&S EAT8,1436.0,5.0,8477.0,2.4,2640.0,0.4
STELLANTIS,MOKKA BUSINESS ELEGANCE 15 D 110CV MT6 S/S 110 CV,1295.0,4.4,15522.0,2.9,2636.363636363636,0.4
STELLANTIS,C5 AIRCROSS PURETECH 130 S&S EAT8 FEEL PACK (SOLO,1505.0,6.6,17283.0,2.4,2257.5757575757575,0.25
STELLANTIS,CORSA GS 15D DT MT6 S/S 100 CV (74KW),1165.0,4.2,8959.0,3.1,2619.047619047619,0.4
STELLANTIS,C3 AIRCROSS BLUEHDI 110 S&S 6V C SERIES (SOLO STOC,1310.0,4.9,11330.0,2.8,2612.2448979591836,0.4
STELLANTIS,NUEVO 308 SW ALLURE PACK PURETECH 130 S&S 6 VEL M,1385.0,5.7,8477.0,2.5,2263.157894736842,0.25
STELLANTIS,NUEVO C4 PURETECH 130 S&S 6V PLUS,1322.0,5.3,9843.0,3.2,2264.1509433962265,0.25
STELLANTIS,MOKKA GS 12 T 130CV AT8 S/S 130 (96 KW),1295.0,5.9,15522.0,2.4,2237.2881355932204,0.25
STELLANTIS,308 5P ACTIVE PACK BLUEHDI 130 S&S EAT8,1436.0,4.9,8477.0,2.8,2612.2448979591836,0.4
STELLANTIS,2008 ACTIVE PACK BLUEHDI 130 S&S EAT8,1345.0,5.0,12275.0,2.7,2640.0,0.4
STELLANTIS,N2008 GT BLUEHDI 130 S&S EAT8,1345.0,5.0,12275.0,3.0,2640.0,0.4
STELLANTIS,C5 AIRCROSS PURETECH 130 S&S 6V SHINE PACK (SOLO S,1483.0,6.3,17283.0,3.1,2238.095238095238,0.25
STELLANTIS,MOKKA ELEGANCE 15 D 110CV MT6,1295.0,4.4,22853.0,2.6,2636.363636363636,0.4
STELLANTIS,NUEVO 308 SW ACTIVE PACK PURETECH 130 S&S 6 VEL M,1385.0,5.6,8477.0,2.4,2267.857142857143,0.25
STELLANTIS,NUEVO C4 BLUEHDI 110 S&S 6V FEEL (SOLO STOCK),1335.0,4.4,9843.0,2.4,2590.9090909090905,0.4
STELLANTIS,C5 AIRCROSS PURETECH 130 S&S EAT8 SHINE PACK,1505.0,6.6,17283.0,3.2,2257.5757575757575,0.25
STELLANTIS,5008 ALLURE PACK BLUEHDI 130 S&S 6 VEL MAN,1590.0,5.1,16047.0,2.6,2627.450980392157,0.4
STELLANTIS,NUEVO C3 PURETECH 110 S&S EAT6 SHINE (SOLO STOCK),1165.0,6.0,8804.0,2.5,2266.6666666666665,0.25
STELLANTIS,NUEVO ASTRA 5P EDITION 15D DTH MT6 S/S 130 HP (96,1424.0,4.3,9574.0,2.2,2627.906976744186,0.4
STELLANTIS,NUEVO C4 PURETECH 130 S&S 6V C SERIES,1322.0,5.3,9843.0,2.3,2245.2830188679245,0.25
STELLANTIS,NUEVO C3 PURETECH 110 S&S EAT6 MAX,1165.0,5.9,8804.0,3.0,2271.186440677966,0.25
STELLANTIS,NUEVO 308 5P ACTIVE PACK PURETECH 130 S&S EAT8,1363.0,5.7,8477.0,2.4,2245.614035087719,0.25
STELLANTIS,NUEVO C4 PURETECH 130 S&S EAT8 SHINE (SOLO STOCK),1353.0,5.8,9843.0,2.3,2241.3793103448274,0.25
STELLANTIS,NUEVO 308 SW ACTIVE PACK BLUEHDI 130 S&S EAT8,1475.0,4.9,8477.0,3.0,2632.6530612244896,0.4
STELLANTIS,N 508 5P GT PURETECH 130 S&S EAT8,1501.0,5.9,16180.0,2.8,2237.2881355932204,0.25
STELLANTIS,NUEVO ASTRA 5P GS 15D DTH AT8 S/S 130 HP (96KW),1438.0,5.0,9574.0,2.2,2600.0,0.4
STELLANTIS,C5 AIRCROSS BLUEHDI 130 S&S 6V SHINE PACK (SOLO ST,1505.0,5.0,17283.0,3.1,2600.0,0.4
STELLANTIS,NUEVO C4 PURETECH 100 S&S 6V YOU,1284.0,5.4,9843.0,2.5,2240.7407407407404,0.25
STELLANTIS,508 5P GT BLUEHDI 130 S&S EAT8,1495.0,5.0,16180.0,2.5,2620.0,0.4
STELLANTIS,308 SW ACTIVE PACK BLUEHDI 130 S&S EAT8,1475.0,4.9,8477.0,3.0,2632.6530612244896,0.4
STELLANTIS,NUEVO C3 PURETECH 83 S&S  FEEL (SOLO STOCK),1055.0,5.5,8804.0,2.8,2236.3636363636365,0.25
BMW,X2 XDRIVE18D,1680.0,,32215.0,2.7,,0.4
STELLANTIS,NUEVO C3 PURETECH 83 S&S FEEL PACK (SOLO STOCK),1055.0,5.5,8804.0,3.2,2236.3636363636365,0.25
STELLANTIS,COMBO LIFE L1 ELEGANCE PLUS 12 T S/S AT8 63 130,1485.0,6.8,12729.0,2.4,2250.0,0.25
STELLANTIS,308 SW ALLURE PACK PURETECH 130 S&S 6 VEL MAN,1385.0,5.7,8477.0,2.6,2263.157894736842,0.25
STELLANTIS,3008 GT PACK PURETECH 130 S&S EAT8,1395.0,6.5,19475.0,2.7,2261.5384615384614,0.25
STELLANTIS,CROSSLAND EDITION 15 DIE MT6 S/S 110CV (81KW),1312.0,4.8,17586.0,3.1,2625.0,0.4
STELLANTIS,MOKKA EDITION  12 T 100CV MT6 S/S 100 CV (74KW),1270.0,5.5,22853.0,2.8,2272.7272727272725,0.25
STELLANTIS,C3 AIRCROSS PURETECH 110 S&S 6V SHINE PACK,1291.0,6.0,11330.0,2.8,2266.6666666666665,0.25
STELLANTIS,508 5P ALLURE PACK PURETECH 130 S&S EAT8,1475.0,5.8,16180.0,2.5,2258.6206896551726,0.25
STELLANTIS,NUEVO C4X BLUEHDI 130 S&S EAT8  SHINE,1395.0,4.8,9843.0,2.3,2645.8333333333335,0.4
STELLANTIS,N 508 SW ALLURE BLUEHDI 130 S&S EAT8,1588.0,5.2,16180.0,2.3,2596.153846153846,0.4
STELLANTIS,308 SW GT BLUEHDI 130 S&S EAT8,1475.0,5.0,8477.0,2.0,2640.0,0.4
STELLANTIS,308 SW ACTIVE PACK PURETECH 130 S&S 6 VEL MAN,1385.0,5.6,8477.0,3.2,2250.0,0.25
STELLANTIS,MOKKA ULTIMATE  12 T 130CV AT8 S/S 130 CV (96KW),1295.0,6.0,15522.0,2.3,2233.3333333333335,0.25
STELLANTIS,RIFTER GT BLUEHDI 130 S&S 6 VEL MAN LONG,1627.0,5.8,31765.0,2.5,2637.9310344827586,0.4
STELLANTIS,308 SW ALLURE PACK BLUEHDI 130 S&S EAT8,1475.0,5.0,8477.0,2.5,2620.0,0.4
STELLANTIS,NUEVO C3 BLUE HDI 100 S&S SHINE (SOLO STOCK),1165.0,4.3,8804.0,2.7,2604.651162790698,0.4
STELLANTIS,308 5P STYLE PURETECH 130 S&S 6 VEL MAN,1333.0,5.5,8477.0,2.8,2254.5454545454545,0.25
STELLANTIS,NUEVO C4X BLUEHDI 130 S&S EAT8 FEEL PACK,1395.0,4.9,9843.0,2.5,2612.2448979591836,0.4
STELLANTIS,NUEVO ASTRA 5P EDITION 12T XHT MT6 S/S 130 HP (96,1341.0,5.4,9574.0,2.7,2277.777777777778,0.25
STELLANTIS,NUEVO C4 BLUEHDI 130 S&S EAT8 MAX,1399.0,4.9,9843.0,3.1,2632.6530612244896,0.4
STELLANTIS,MOKKA EDITION 12 T MT6 S/S 100CV (74 KW),1270.0,5.5,22853.0,2.7,2254.5454545454545,0.25
STELLANTIS,5008 ALLURE PURETECH 130 S&S 6 VEL MAN,1504.0,6.3,16047.0,2.8,2269.84126984127,0.25
STELLANTIS,508 5P ALLURE PACK  BLUEHDI 130 S&S EAT8,1495.0,5.0,16180.0,2.8,2600.0,0.4
STELLANTIS,NUEVO C4 PURETECH 130 S&S 6V YOU,1322.0,5.3,9843.0,3.0,2264.1509433962265,0.25
STELLANTIS,MOKKA BUSINESS ELEGANCE 12 T 100CV MT6 S/S 100 CV,1270.0,5.5,15522.0,2.2,2272.7272727272725,0.25
STELLANTIS,C5 AIRCROSS PURETECH 130 S&S 6V FEEL,1483.0,6.3,17283.0,2.4,2238.095238095238,0.25
STELLANTIS,508 5P ACTIVE PACK BLUEHDI 130 S&S EAT8,1495.0,4.6,16180.0,2.8,2608.6956521739135,0.4
STELLANTIS,ASTRA 5P EDITION 12T XHL MT6 S/S 110 CV (81KW),1332.0,5.4,9574.0,2.6,2277.777777777778,0.25
STELLANTIS,ASTRA 5P GS 12T XHT MT6 S/S 130 HP (96KW),1341.0,5.5,9574.0,2.7,2272.7272727272725,0.25
BMW,M235I XDRIVE,1645.0,,47196.0,3.1,,0.25
STELLANTIS,C5 AIRCROSS PURETECH 130 S&S 6V FEEL PACK (SOLO ST,1483.0,6.2,17283.0,2.8,2274.1935483870966,0.25
STELLANTIS,NUEVO 308 5P ACTIVE PACK PURETECH 110 S&S MAN,1329.0,5.5,8477.0,2.1,2254.5454545454545,0.25
STELLANTIS,3008 GT PACK BLUEHDI 130 S&S EAT8,1504.0,5.2,19475.0,2.8,2615.3846153846152,0.4
STELLANTIS,NUEVO C4X PURETECH 100 S&S 6V FEEL,1300.0,5.3,9843.0,2.7,2264.1509433962265,0.25
STELLANTIS,2008 ACTIVE PACK PURETECH 130 S&S 6 VEL MAN,1267.0,5.5,12275.0,3.0,2272.7272727272725,0.25
STELLANTIS,C3 AIRCROSS PURETECH 110 S&S 6V C-SERIES (SOLO STO,1254.0,5.9,11330.0,2.8,2271.186440677966,0.25
STELLANTIS,C5 AIRCROSS PURETECH 130 S&S EAT8 SHINE PACK (SOLO,1505.0,6.6,17283.0,2.6,2257.5757575757575,0.25
STELLANTIS,C5 AIRCROSS PURETECH 130 S&S 6V PLUS,1483.0,6.2,17283.0,2.2,2258.064516129032,0.25
STELLANTIS,RIFTER ALLURE PACK BLUEHDI 100 S&S 6 VEL MAN STAN,1505.0,5.3,31765.0,2.5,2603.7735849056603,0.4
STELLANTIS,C5 AIRCROSS BLUEHDI 130 S&S EAT8 C SERIES (SOLO ST,1567.0,5.5,17283.0,2.3,2618.181818181818,0.4
STELLANTIS,C3 AIRCROSS BLUEHDI 110 S&S 6V RIP CURL (SOLO STOC,1310.0,5.0,11330.0,2.4,2600.0,0.4
STELLANTIS,C5 AIRCROSS PURETECH 130 S&S 6V FEEL (SOLO STOCK),1483.0,6.3,17283.0,3.1,2238.095238095238,0.25
STELLANTIS,MOKKA BUSINESS ELEGANCE 12 T 130CV AT8 S/S 130 CV,1295.0,5.9,15522.0,2.7,2237.2881355932204,0.25
STELLANTIS,NUEVO C3 PURETECH 83 S&S C SERIES (SOLO STOCK),1055.0,5.5,8804.0,2.2,2236.3636363636365,0.25
STELLANTIS,C3 AIRCROSS BLUEHDI 110 S&S 6V FEEL,1310.0,4.8,11330.0,3.0,2645.8333333333335,0.4
STELLANTIS,5008 ALLURE BLUEHDI 130 S&S EAT8,1611.0,5.3,16047.0,2.4,2641.509433962264,0.4
STELLANTIS,5008 ACTIVE PACK BLUEHDI 130 S&S EAT8,1611.0,5.6,16047.0,2.4,2607.1428571428573,0.4
STELLANTIS,NUEVO C4 BLUEHDI 110 S&S 6V FEEL PACK,1335.0,4.3,9843.0,2.8,2627.906976744186,0.4
STELLANTIS,NUEVO C3 BLUE HDI 100 S&S FEEL (SOLO STOCK),1165.0,4.3,8804.0,2.7,2581.3953488372094,0.4
STELLANTIS,C3 AIRCROSS BLUEHDI 110 S&S 6V RIP CURL,1310.0,5.0,11330.0,2.3,2600.0,0.4
STELLANTIS,NUEVO 308 5P ALLURE PACK BLUEHDI 130 S&S EAT8,1436.0,5.0,8477.0,3.1,2600.0,0.4
STELLANTIS,5008 GT PURETECH 130 S&S 6 VEL MAN,1504.0,6.3,16047.0,2.5,2269.84126984127,0.25
STELLANTIS,C5 AIRCROSS PURETECH 130 S&S EAT8 C SERIES (SOLO S,1505.0,6.5,17283.0,2.7,2276.923076923077,0.25
STELLANTIS,308 5P STYLE PURETECH 130 S&S EAT8,1363.0,5.6,8477.0,2.9,2250.0,0.25
STELLANTIS,NUEVO C4X BLUEHDI 130 S&S EAT8 PLUS,1395.0,4.8,9843.0,2.2,2625.0,0.4
STELLANTIS,COMBO LIFE L1 ELEGANCE 12 T S/S AT8 63 130 CV,1549.0,6.9,12729.0,2.1,2246.376811594203,0.25
STELLANTIS,C5 AIRCROSS PURETECH 130 S&S 6V SHINE PACK,1483.0,6.3,17283.0,2.4,2238.095238095238,0.25
STELLANTIS,C3 AIRCROSS PURETECH 130 EAT6 FEEL PACK,1310.0,6.3,11330.0,3.2,2269.84126984127,0.25
STELLANTIS,C5 AIRCROSS BLUEHDI 130 S&S 6V FEEL PACK,1505.0,4.9,17283.0,2.7,2632.6530612244896,0.4
BMW,X2 SDRIVE20I,1545.0,,32215.0,3.1,,0.25
STELLANTIS,5008 ACTIVE PACK PURETECH 130 S&S EAT8,1505.0,6.6,16047.0,3.2,2257.5757575757575,0.25
STELLANTIS,N 508 SW GT BLUEHDI 130 S&S EAT8,1588.0,5.2,16180.0,3.0,2615.3846153846152,0.4
BMW,Z4 SDRIVE30I,1545.0,,36604.0,2.8,,0.25
STELLANTIS,N208 5P GT PURETECH 100 S&S 6 VEL MAN,1165.0,5.2,8793.0,2.8,2230.7692307692305,0.25
STELLANTIS,NUEVO 308 SW ALLURE PACK BLUEHDI 130 S&S EAT8,1475.0,4.6,8477.0,2.4,2630.434782608696,0.4
STELLANTIS,NUEVO ASTRA 5P GS 12T XHT AT8 S/S 130 HP (96KW),1371.0,5.7,9574.0,2.6,2245.614035087719,0.25
STELLANTIS,NUEVO 308 5P ALLURE PURETECH 130 S&S 6 VEL MAN,1333.0,5.6,8477.0,2.5,2267.857142857143,0.25
STELLANTIS,NUEVO 308 SW ACTIVE PACK PURETECH 130 S&S EAT8,1420.0,5.7,8477.0,2.5,2263.157894736842,0.25
STELLANTIS,N 508 5P ALLURE PURETECH 130 S&S EAT8,1501.0,5.8,16180.0,2.8,2258.6206896551726,0.25
STELLANTIS,C3 AIRCROSS BLUEHDI 110 S&S 6V SHINE PACK,1310.0,5.0,11330.0,2.9,2600.0,0.4
STELLANTIS,MOKKA GS 12 T 136CV MT6 S/S 130 (100 KW),1275.0,5.5,15522.0,2.6,2236.3636363636365,0.25
STELLANTIS,TRAVELLER BUSINESS VIP BLUEHDI 180 S&S EAT8 LONG,2069.0,7.4,33838.0,3.0,2621.6216216216217,0.4
STELLANTIS,308 SW ACTIVE PACK PURETECH 130 S&S EAT8,1420.0,5.7,8477.0,2.5,2245.614035087719,0.25
STELLANTIS,ASTRA 5P GS 15D DTH AT8 S/S 130 CV (96KW),1438.0,4.9,9574.0,2.8,2612.2448979591836,0.4
STELLANTIS,C5 AIRCROSS PURETECH 130 S&S 6V YOU,1483.0,6.2,17283.0,2.3,2258.064516129032,0.25
STELLANTIS,C3 AIRCROSS PURETECH 130 S&S EAT6 MAX,1310.0,6.4,11330.0,3.0,2265.625,0.25
STELLANTIS,308 5P ACTIVE PACK PURETECH 130 S&S EAT8,1363.0,5.6,8477.0,2.8,2250.0,0.25
STELLANTIS,N 508 SW ALLURE PURETECH 130 S&S EAT8,1530.0,6.0,16180.0,2.5,2250.0,0.25
STELLANTIS,BERLINGO TALLA M BLUEHDI 100 S&S FEEL PACK (SOLO S,1505.0,5.2,10316.0,2.3,2615.3846153846152,0.4
STELLANTIS,MOKKA GS LINE  15 D 110CV MT6 S/S 110 CV (81KV),1295.0,4.4,15522.0,2.5,2636.363636363636,0.4
STELLANTIS,C3 AIRCROSS BLUEHDI 110 S&S 6V FEEL (SOLO STOCK),1310.0,4.8,11330.0,2.9,2645.8333333333335,0.4
STELLANTIS,N2008 ACTIVE BLUEHDI 130 S&S EAT8,1345.0,5.0,12275.0,3.2,2620.0,0.4
STELLANTIS,NUEVO 308 SW ALLURE PURETECH 130 S&S EAT8,1420.0,5.8,8477.0,3.1,2241.3793103448274,0.25
STELLANTIS,NUEVO C5 X PURETECH 130 S&S EAT8 FEEL PACK,1493.0,6.0,7375.0,2.5,2283.3333333333335,0.25
STELLANTIS,5008 ALLURE PURETECH 130 S&S EAT8,1505.0,6.7,16047.0,2.3,2238.805970149254,0.25
STELLANTIS,NUEVO ASTRA 5P GS 15D DTH MT6 S/S 130 HP (96KW),1424.0,4.4,9574.0,2.6,2590.9090909090905,0.4
STELLANTIS,N208 5P ALLURE PURETECH 100 S&S 6 VEL MAN,1165.0,5.1,8793.0,2.1,2235.294117647059,0.25
STELLANTIS,208 5P GT PURETECH 130 S&S EAT8,1233.0,5.4,8793.0,2.7,2259.259259259259,0.25
STELLANTIS,508 5P ACTIVE PACK PURETECH 130 S&S EAT8,1475.0,5.8,16180.0,2.6,2258.6206896551726,0.25
STELLANTIS,5008 ACTIVE PACK PURETECH 130 S&S 6 VEL MAN,1504.0,6.3,16047.0,2.5,2253.968253968254,0.25
STELLANTIS,3008 ALLURE BLUEHDI 130 S&S 6 VEL MAN,1504.0,5.0,19475.0,2.8,2600.0,0.4
STELLANTIS,N208 5P ACTIVE PURETECH 75 S&S 5 VEL MAN,1108.0,5.4,8793.0,2.2,2222.222222222222,0.25
STELLANTIS,NUEVO C4X PURETECH 130 S&S EAT8 PLUS,1364.0,5.7,9843.0,2.0,2245.614035087719,0.25
BMW,Z4 SDRIVE20I,1525.0,,36604.0,2.5,,0.25
STELLANTIS,SPACETOURER BUSINESS LOUNGE TALLA M BLUEHDI 180 S&,2037.0,7.3,43153.0,2.4,2643.8356164383563,0.4
STELLANTIS,308 SW ALLURE PURETECH 130 S&S EAT8,1420.0,5.8,8477.0,2.7,2241.3793103448274,0.25
STELLANTIS,NUEVO C5 X PURETECH 130 S&S EAT8 SHINE,1493.0,6.0,7375.0,2.3,2266.6666666666665,0.25
STELLANTIS,COMBO LIFE L1 EDITION 15 TD S/S MT6 Â¿63 130 CV,1505.0,5.1,12729.0,2.7,2647.058823529412,0.4
STELLANTIS,508 5P GT PACK BLUEHDI 130 S&S EAT8,1495.0,5.2,16180.0,2.6,2653.846153846154,0.4
STELLANTIS,MOKKA GS 12 T MT6 S/S 136 CV (100KW),1275.0,5.5,15522.0,2.5,2254.5454545454545,0.25
STELLANTIS,C5 AIRCROSS BLUEHDI 130 S&S EAT8 MAX,1567.0,5.5,17283.0,2.3,2618.181818181818,0.4
STELLANTIS,NUEVO C4 PURETECH 130 S&S EAT8 MAX,1353.0,5.7,9843.0,2.4,2280.7017543859647,0.25
STELLANTIS,VIVARO COMBI M 15 DIESEL ¿63 120 CV MT6,1734.0,6.4,14346.0,2.4,2609.375,0.4
STELLANTIS,CROSSLAND ELEGANCE 12 GAS MT6 S/S 110CV (81KW),1290.0,5.8,17586.0,2.5,2258.6206896551726,0.25
STELLANTIS,CROSSLAND ELEGANCE 15 DIE MT6 S/S 110CV (81KW),1312.0,4.9,17586.0,2.6,2591.8367346938776,0.4
STELLANTIS,208 5P ALLURE PURETECH 75 S&S 5 VEL MAN,1055.0,5.3,8793.0,2.4,2245.2830188679245,0.25
STELLANTIS,NUEVO C3 PURETECH 83 S&S FEEL PACK,1055.0,5.5,8804.0,2.0,2236.3636363636365,0.25
STELLANTIS,C3 AIRCROSS BLUEHDI 110 S&S 6V PLUS,1310.0,4.9,11330.0,2.9,2612.2448979591836,0.4
STELLANTIS,C3 AIRCROSS PURETECH 110 S&S 6V FEEL (SOLO STOCK),1291.0,5.9,11330.0,2.8,2237.2881355932204,0.25
STELLANTIS,NUEVO 308 SW GT PURETECH 130 S&S EAT8,1420.0,5.8,8477.0,2.5,2258.6206896551726,0.25
STELLANTIS,CROSSLAND EDITION  12 GAS MT6 S/S 110CV (81KW),1254.0,5.8,17586.0,2.6,2241.3793103448274,0.25
STELLANTIS,5008 ALLURE BLUEHDI 130 S&S 6 VEL MAN,1590.0,5.1,16047.0,2.1,2627.450980392157,0.4
STELLANTIS,C5 AIRCROSS BLUEHDI 130 S&S 6V FEEL PACK (SOLO STO,1505.0,4.9,17283.0,2.4,2632.6530612244896,0.4
STELLANTIS,CROSSLAND ELEGANCE 15 DIE MT6 S/S 110CV (88KW),1312.0,4.9,17586.0,2.2,2591.8367346938776,0.4
STELLANTIS,NUEVO C3 PURETECH 110 S&S 6V ELLE,1165.0,5.4,8804.0,2.7,2277.777777777778,0.25
STELLANTIS,NUEVO 308 SW ALLURE PURETECH 130 S&S 6 VEL MAN,1385.0,5.7,8477.0,2.6,2245.614035087719,0.25
STELLANTIS,C3 AIRCROSS PURETECH 110 S&S 6V FEEL,1291.0,5.8,11330.0,2.1,2275.862068965517,0.25
STELLANTIS,NUEVO 308 SW ALLURE BLUEHDI 130 S&S EAT8,1475.0,5.0,8477.0,2.4,2620.0,0.4
STELLANTIS,BERLINGO TALLA XL BLUEHDI 130 S&S SHINE,1595.0,5.7,10316.0,2.9,2631.578947368421,0.4
STELLANTIS,208 5P LIKE PURETECH 75 S&S 5 VEL MAN,1055.0,5.3,8793.0,2.8,2245.2830188679245,0.25
STELLANTIS,C3 AIRCROSS PURETECH 110 S&S 6V MAX,1291.0,6.0,11330.0,2.7,2250.0,0.25
STELLANTIS,NUEVO C4 BLUEHDI 130 S&S EAT8 C SERIES (SOLO STOCK,1399.0,5.0,9843.0,2.5,2600.0,0.4
STELLANTIS,CROSSLAND ULTIMATE  15 DIE AT6 S/S 120CV(88KW),1350.0,5.1,17586.0,2.6,2627.450980392157,0.4
STELLANTIS,NUEVO C3 BLUE HDI 100 S&S FEEL PACK (SOLO STOCK),1165.0,4.3,8804.0,2.9,2604.651162790698,0.4
STELLANTIS,MOKKA ULTIMATE 12 T 130CV AT8 S/S 130 (96 KW),1295.0,5.9,15522.0,2.0,2254.237288135593,0.25
STELLANTIS,C5 AIRCROSS PURETECH 130 S&S EAT8 FEEL PACK,1505.0,6.6,17283.0,2.3,2257.5757575757575,0.25
STELLANTIS,CROSSLAND BUSINESS ELEGANCE  12 GAS MT6 S/S 130CV,1263.0,5.7,17586.0,2.8,2280.7017543859647,0.25
STELLANTIS,308 SW STYLE PURETECH 130 S&S EAT8,1420.0,5.7,8477.0,3.2,2245.614035087719,0.25
STELLANTIS,MOKKA GS LINE 12 T 130CV AT8 S/S 130 CV (96KW),1295.0,5.9,15522.0,2.4,2271.186440677966,0.25
STELLANTIS,BERLINGO TALLA M BLUEHDI 130 S&S SHINE,1516.0,5.6,10316.0,2.5,2642.857142857143,0.4
STELLANTIS,MOKKA ULTIMATE 12 T AT8 S/S 130 (96 KW),1295.0,5.9,15522.0,3.0,2254.237288135593,0.25
STELLANTIS,SPACETOURER BUSINESS LOUNGE TALLA XL BLUEHDI 180 S,1842.0,7.3,43153.0,2.4,2602.7397260273974,0.4
STELLANTIS,NUEVO 308 SW ACTIVE PACK BLUEHDI 130 S&S MAN,1457.0,4.4,8477.0,2.4,2613.6363636363635,0.4
STELLANTIS,NUEVO C3 BLUE HDI 100 S&S 6V MAX,1165.0,4.5,8804.0,2.5,2600.0,0.4
STELLANTIS,N 508 5P GT BLUEHDI 130 S&S EAT8,1557.0,5.0,16180.0,3.1,2640.0,0.4
STELLANTIS,NUEVO C3 PURETECH 110 S&S 6V SHINE (SOLO STOCK),1165.0,5.4,8804.0,2.7,2277.777777777778,0.25
STELLANTIS,RIFTER ALLURE BLUEHDI 130 S&S 6 VEL MAN LONG,1613.0,5.4,31765.0,2.5,2611.111111111111,0.4
STELLANTIS,C3 AIRCROSS PURETECH 110 S&S 6V RIP CURL (SOLO STO,1291.0,6.0,11330.0,2.6,2266.6666666666665,0.25
BMW,X3 M,2085.0,,45256.0,3.2,,0.25
STELLANTIS,EXPERT COMBI BLUEHDI 145  S&S 6 VEL MAN STANDARD,1808.0,7.0,10173.0,2.7,2614.285714285714,0.4
STELLANTIS,ASTRA ST GS 12T XHT AT8 S/S 130 CV (96KW),1421.0,5.8,9574.0,2.4,2258.6206896551726,0.25
STELLANTIS,NUEVO ASTRA 5P ELEGANCE 12T XHT AT8 S/S 130 HP (9,1371.0,5.7,9574.0,2.9,2245.614035087719,0.25
STELLANTIS,ASTRA 5P GS 12T XHT AT8 S/S 130 CV (96KW),1371.0,5.7,9574.0,2.6,2263.157894736842,0.25
STELLANTIS,3008 ALLURE PURETECH 130 S&S EAT8,1395.0,6.4,19475.0,2.2,2265.625,0.25
STELLANTIS,NUEVO 308 SW GT BLUEHDI 130 S&S EAT8,1475.0,5.1,8477.0,2.9,2607.843137254902,0.4
STELLANTIS,N208 5P ACTIVE PURETECH 100 S&S 6 VEL MAN,1165.0,5.0,8793.0,2.4,2260.0,0.25
STELLANTIS,C5 AIRCROSS BLUEHDI 130 S&S EAT8 FEEL PACK (SOLO S,1567.0,5.2,17283.0,3.2,2615.3846153846152,0.4
STELLANTIS,CORSA GS-LINE 12T XHL MT6 S/S 100 CV (74KW),1165.0,5.2,8959.0,2.5,2230.7692307692305,0.25
STELLANTIS,NUEVO ASTRA 5P GS LINE 15D DTH MT6 S/S 130 HP (96,1424.0,4.4,9574.0,2.7,2590.9090909090905,0.4
STELLANTIS,ASTRA 5P GS 12T XHT MT6 S/S 130 CV (96KW),1341.0,5.5,9574.0,2.3,2272.7272727272725,0.25
STELLANTIS,NUEVO 308 SW ALLURE PACK PURETECH 130 S&S EAT8,1420.0,5.8,8477.0,2.4,2258.6206896551726,0.25
STELLANTIS,CROSSLAND GS-LINE 12 GAS MT6 S/S 110CV,1254.0,5.9,17586.0,2.9,2254.237288135593,0.25
STELLANTIS,SPACETOURER BUSINESS TALLA M BLUEHDI 180 S&S EAT8,1839.0,7.2,43153.0,2.5,2625.0,0.4
STELLANTIS,NUEVO C3 PURETECH 110 S&S 6V FEEL PACK,1165.0,5.4,8804.0,2.3,2240.7407407407404,0.25
STELLANTIS,RIFTER ACTIVE PACK BLUEHDI 100 S&S 6 VEL MAN LONG,1613.0,5.3,31765.0,3.0,2641.509433962264,0.4
STELLANTIS,CORSA ELEGANCE 15D DT MT6 S/S 100 CV (74KW),1165.0,4.1,8959.0,2.6,2609.756097560976,0.4
STELLANTIS,MOKKA ELEGANCE 12 G 100CV MT6,1270.0,5.5,22853.0,2.3,2272.7272727272725,0.25
STELLANTIS,3008 ALLURE PURETECH 130 S&S 6 VEL MAN,1395.0,6.1,19475.0,2.9,2278.688524590164,0.25
BMW,M240I XDRIVE,1765.0,,44868.0,3.0,,0.25
STELLANTIS,508 SW GT BLUEHDI 130 S&S EAT8,1505.0,5.1,16180.0,2.8,2627.450980392157,0.4
STELLANTIS,VIVARO COMBI L 20 DIESEL ¿63 145 CV MT6,1823.0,7.0,14346.0,2.7,2628.5714285714284,0.4
STELLANTIS,CROSSLAND GS-LINE 12 GAS MT6 S/S 130CV,1263.0,5.8,17586.0,2.5,2258.6206896551726,0.25
STELLANTIS,508 SW GT PACK BLUEHDI 130 S&S EAT8,1505.0,5.0,16180.0,2.7,2620.0,0.4
STELLANTIS,5008 GT PACK PURETECH 130 S&S EAT8,1505.0,6.7,16047.0,2.7,2268.6567164179105,0.25
VOLKSWAGEN,RS 5 SPORTBACK,1810.0,,65945.0,3.0,,0.25
BMW,M240I,1710.0,,44868.0,2.3,,0.25
STELLANTIS,C3 AIRCROSS BLUEHDI 120 S&S EAT6 SHINE PACK,1335.0,5.1,11330.0,2.9,2627.450980392157,0.4
STELLANTIS,C3 AIRCROSS BLUEHDI 110 S&S 6V SHINE PACK (SOLO ST,1310.0,5.0,11330.0,2.4,2600.0,0.4
STELLANTIS,COMBO LIFE L2 EDITION PLUS 15 TD S/S MT6 63 130,1596.0,5.3,12729.0,2.9,2622.6415094339623,0.4
STELLANTIS,C5 AIRCROSS BLUEHDI 130 S&S EAT8 SHINE PACK,1567.0,5.2,17283.0,2.8,2634.6153846153843,0.4
STELLANTIS,2008 ACTIVE BLUEHDI 110 S&S 6 VEL MAN,1280.0,4.4,12275.0,2.5,2636.363636363636,0.4
STELLANTIS,NUEVO C3 BLUE HDI 100 S&S SHINE,1165.0,4.3,8804.0,2.5,2604.651162790698,0.4
STELLANTIS,NUEVO C4X BLUEHDI 130 S&S EAT8 MAX,1395.0,4.8,9843.0,2.3,2625.0,0.4
STELLANTIS,5008 ALLURE PACK BLUEHDI 180 S&S EAT8,1682.0,5.9,16047.0,3.1,2610.1694915254234,0.4
STELLANTIS,ASTRA 5P GS 12T XHT AT8 S/S 130 HP (96KW),1371.0,5.6,9574.0,2.5,2267.857142857143,0.25
STELLANTIS,5008 GT BLUEHDI 180 S&S EAT8,1682.0,5.9,16047.0,2.5,2610.1694915254234,0.4
STELLANTIS,NUEVO C4 BLUEHDI 110 S&S 6V FEEL PACK (SOLO STOCK),1335.0,4.3,9843.0,2.7,2627.906976744186,0.4
STELLANTIS,CROSSLAND GS-LINE 15 DIE MT6 S/S 110CV,1280.0,4.7,17586.0,2.6,2617.0212765957444,0.4
STELLANTIS,NUEVO C4X PURETECH 100 S&S 6V YOU,1300.0,5.3,9843.0,2.3,2264.1509433962265,0.25
STELLANTIS,C5 AIRCROSS BLUEHDI 130 S&S 6V C SERIES,1505.0,4.9,17283.0,2.7,2632.6530612244896,0.4
STELLANTIS,5008 ACTIVE PACK BLUEHDI 130 S&S 6 VEL MAN,1590.0,5.1,16047.0,2.5,2607.843137254902,0.4
STELLANTIS,NUEVO C4 BLUEHDI 110 S&S 6V SHINE (SOLO STOCK),1335.0,4.3,9843.0,2.5,2627.906976744186,0.4
STELLANTIS,VIVARO COMBI M 20 DIESEL ¿63 145 CV MT6,1793.0,6.9,14346.0,2.9,2623.1884057971015,0.4
STELLANTIS,C3 AIRCROSS BLUEHDI 110 S&S 6V C-SERIES,1280.0,4.7,11330.0,2.2,2595.7446808510635,0.4
STELLANTIS,VIVARO COMBI L 15 DIESEL ¿63 120 CV MT6,1734.0,6.5,14346.0,2.6,2600.0,0.4
STELLANTIS,SPACETOURER BUSINESS TALLA XL BLUEHDI 180 S&S EAT8,1842.0,7.2,43153.0,2.8,2625.0,0.4
STELLANTIS,COMBO LIFE L1 EDITION 15 TD S/S MT6 Â¿63 100 CV,1505.0,5.1,12729.0,2.7,2647.058823529412,0.4
STELLANTIS,308 SW STYLE PURETECH 130 S&S 6 VEL MAN,1385.0,5.6,8477.0,2.7,2250.0,0.25
BMW,X2 SDRIVE20D,1620.0,,32215.0,2.6,,0.4
STELLANTIS,MOKKA ULTIMATE 12 T 130CV MT6 S/S 130 CV (96KW),1275.0,5.6,15522.0,2.3,2250.0,0.25
STELLANTIS,MOKKA ULTIMATE 12 T 130CV MT6 S/S 136 (100 KW),1275.0,5.5,15522.0,2.9,2272.7272727272725,0.25
STELLANTIS,MOKKA EDITION 15 D 110CV MT6 S/S 110 CV (81KV),1295.0,4.4,22853.0,2.9,2636.363636363636,0.4
BMW,COUNTRYMAN ONE D,1540.0,5.0,9523.0,2.8,2640.0,0.4
BMW,COUNTRYMAN COOPER ALL4,1580.0,7.1,10999.0,2.5,2281.6901408450703,0.25
BMW,COUNTRYMAN COOPER D ALL4,1645.0,5.5,11736.0,2.8,2636.3636363636365,0.4
BMW,COUNTRYMAN COOPER SD,1610.0,5.2,13311.0,2.8,2634.6153846153843,0.4
RENAULT-NISSAN-MITSUBISHI,KADJAR,1510.0,5.2,18677.0,2.3,2615.3846153846152,0.4
STELLANTIS,DS 3 CROSSBACK,1280.0,4.5,25223.0,2.9,2622.222222222222,0.4
VOLKSWAGEN,RS 5 COUPE,1770.0,,65945.0,2.4,,0.25
STELLANTIS,RIFTER GT PURETECH 130 S&S EAT8 STANDARD,1580.0,7.1,31765.0,2.8,2239.43661971831,0.25
BMW,X2 XDRIVE20I,1640.0,,32215.0,2.7,,0.25
STELLANTIS,508 5P GT PURETECH 130 S&S EAT8,1475.0,5.9,16180.0,2.5,2237.2881355932204,0.25
STELLANTIS,3008 ALLURE BLUEHDI 130 S&S EAT8,1504.0,5.2,19475.0,2.6,2596.153846153846,0.4
STELLANTIS,TRAVELLER BUSINESS BLUEHDI 180 S&S EAT8 STANDARD,1838.0,7.2,33838.0,2.8,2625.0,0.4
VOLKSWAGEN,CONTINENTAL GT MULLINER V8,2240.0,,195173.0,2.1,,0.25
MAZDA,2,1099.0,4.8,10948.0,2.3,2270.8333333333335,0.25
MAZDA,6,1458.0,6.8,17343.0,2.9,2264.7058823529414,0.25
MAZDA,MX-5,1100.0,6.9,17799.0,2.6,2246.376811594203,0.25
STELLANTIS,EXPERT TRAVELLER,1842.0,7.2,22006.0,2.6,2638.8888888888887,0.4
STELLANTIS,ASTRA SPORTS TOURER+,1395.0,5.7,9574.0,2.7,2280.7017543859647,0.25
VOLKSWAGEN,911 CARRERA 4GTS,1670.0,10.9,108136.0,2.6,2266.0550458715597,0.25
VOLKSWAGEN,BENTAYGA EXTENDED WHEELB,2589.0,13.0,205856.0,3.1,2261.5384615384614,0.25
VOLKSWAGEN,CONTINENTAL GTC MULLINER V8,2410.0,12.5,195173.0,3.1,2272.0,0.25
VOLKSWAGEN,FLYING SPUR S V8,2405.0,12.7,251560.0,2.8,2267.716535433071,0.25
VOLKSWAGEN,FLYING SPUR,2512.0,15.0,251560.0,2.5,2266.6666666666665,0.25
VOLKSWAGEN,CONTINENTAL GTC MULLINER W12,2511.0,14.1,195173.0,2.3,2269.503546099291,0.25
VOLKSWAGEN,CONTINENTAL GT V8 CONVERTIBLE,2410.0,12.5,195173.0,3.2,2272.0,0.25
STELLANTIS,C4 SPACETOURER,1479.0,6.6,21446.0,2.8,2242.4242424242425,0.25
VOLKSWAGEN,R8 COUPC‰,1645.0,15.0,152271.0,2.6,2273.3333333333335,0.25
STELLANTIS,3008 - 500,1504.0,5.2,19475.0,2.2,2596.153846153846,0.4
STELLANTIS,M (3008),1504.0,5.4,19475.0,2.4,2629.6296296296296,0.4
STELLANTIS,3008 -,1395.0,6.1,19475.0,2.6,2262.2950819672133,0.25
STELLANTIS,C3 AIRCROS,1291.0,5.9,11330.0,2.5,2237.2881355932204,0.25
STELLANTIS,JUMPY I SPACETOURER,1161.0,4.5,27149.0,2.4,2622.222222222222,0.4
RENAULT-NISSAN-MITSUBISHI,NISSAN PRIMASTAR,2056.0,7.2,8099.0,2.6,2611.111111111111,0.4
STELLANTIS,C5 AIRCROS,1567.0,5.5,17283.0,2.1,2636.3636363636365,0.4
STELLANTIS,VIVARO I VIVARO LIFE I ZAFIRA,1734.0,6.4,11730.0,2.2,2625.0,0.4
VOLKSWAGEN,A1 SPORTBA,1205.0,5.9,13010.0,2.5,2254.237288135593,0.25
VOLKSWAGEN,A3 SPORTBA,1295.0,,16869.0,2.4,,0.25
BMW,X2 XDRIVE25D,1695.0,,32215.0,2.7,,0.4
SUBARU-SUZUKI-TOYOTA,IMPREZA XV,1502.0,8.0,12647.0,2.6,2250.0,0.25
MAZDA,MAZDA 2,1114.0,5.4,10948.0,2.8,2259.259259259259,0.25
